timestamp,amount,merchant,user_location,channel,risk_score
27-Nov-2025,250000.0,OTHER_MERCHANT_ROUTING,LAGOS_NGR,Mobile_App,0.9412
25-Nov-2025,120000.0,OTHER_MERCHANT_ROUTING,LAGOS_NGR,Mobile_App,0.9412
10-Jun-2024,120000.0,OTHER_MERCHANT_ROUTING,LAGOS_NGR,Mobile_App,0.9412
27-Oct-2025,100000.0,OTHER_MERCHANT_ROUTING,LAGOS_NGR,Mobile_App,0.9412
24-Oct-2025,100000.0,OTHER_MERCHANT_ROUTING,LAGOS_NGR,Mobile_App,0.9412
15-Oct-2025,500000.0,OTHER_MERCHANT_ROUTING,LAGOS_NGR,OneBank_App,0.9412
15-Oct-2025,100000.0,OTHER_MERCHANT_ROUTING,LAGOS_NGR,OneBank_App,0.9412
17-Feb-2026,735000.0,OTHER_MERCHANT_ROUTING,LAGOS_NGR,OneBank_App,0.9412
11-Oct-2025,206312.32,OTHER_MERCHANT_ROUTING,LAGOS_NGR,Mobile_App,0.9412
10-Oct-2025,300000.0,OTHER_MERCHANT_ROUTING,LAGOS_NGR,Mobile_App,0.9412
11-Jun-2024,100000.0,OTHER_MERCHANT_ROUTING,LAGOS_NGR,Mobile_App,0.9412
25-Sep-2025,100000.0,OTHER_MERCHANT_ROUTING,LAGOS_NGR,Mobile_App,0.9412
24-Jun-2024,980000.0,OTHER_MERCHANT_ROUTING,LAGOS_NGR,Mobile_App,0.9412
10-Sep-2025,100000.0,OTHER_MERCHANT_ROUTING,LAGOS_NGR,Mobile_App,0.9412
05-Sep-2025,295000.0,OTHER_MERCHANT_ROUTING,LAGOS_NGR,OneBank_App,0.9412
26-Oct-2022,140000.0,OTHER_MERCHANT_ROUTING,LAGOS_NGR,Mobile_App,0.9412
15-Oct-2025,712568.21,OTHER_MERCHANT_ROUTING,LAGOS_NGR,Mobile_App,0.9412
17-Feb-2026,800000.0,OTHER_MERCHANT_ROUTING,LAGOS_NGR,Mobile_App,0.9412
26-Feb-2024,5500000.0,OTHER_MERCHANT_ROUTING,LAGOS_NGR,POS_Terminal,0.9412
27-Feb-2024,150000.0,OTHER_MERCHANT_ROUTING,LAGOS_NGR,OneBank_App,0.9412
13-Feb-2026,550000.0,OTHER_MERCHANT_ROUTING,LAGOS_NGR,OneBank_App,0.9412
13-Feb-2026,560000.0,OTHER_MERCHANT_ROUTING,LAGOS_NGR,Mobile_App,0.9412
11-Feb-2026,550000.0,OTHER_MERCHANT_ROUTING,LAGOS_NGR,OneBank_App,0.9412
11-Feb-2026,600000.0,OTHER_MERCHANT_ROUTING,LAGOS_NGR,Mobile_App,0.9412
05-Feb-2026,550000.0,OTHER_MERCHANT_ROUTING,LAGOS_NGR,OneBank_App,0.9412
27-Nov-2025,200000.0,OTHER_MERCHANT_ROUTING,LAGOS_NGR,OneBank_App,0.9412
24-May-2024,5500000.0,OTHER_MERCHANT_ROUTING,LAGOS_NGR,POS_Terminal,0.9412
27-May-2024,300000.0,OTHER_MERCHANT_ROUTING,LAGOS_NGR,OneBank_App,0.9412
27-May-2024,137000.0,OTHER_MERCHANT_ROUTING,LAGOS_NGR,POS_Terminal,0.9412
27-May-2024,4500000.0,OTHER_MERCHANT_ROUTING,LAGOS_NGR,OneBank_App,0.9412
28-May-2024,500000.0,OTHER_MERCHANT_ROUTING,LAGOS_NGR,OneBank_App,0.9412
22-Dec-2025,100000.0,OTHER_MERCHANT_ROUTING,LAGOS_NGR,Mobile_App,0.9412
21-Dec-2025,100000.0,OTHER_MERCHANT_ROUTING,LAGOS_NGR,Mobile_App,0.9412
19-Dec-2025,200000.0,OTHER_MERCHANT_ROUTING,LAGOS_NGR,Mobile_App,0.9412
05-Feb-2026,550000.0,OTHER_MERCHANT_ROUTING,LAGOS_NGR,Mobile_App,0.9412
11-Jun-2025,100000.0,OTHER_MERCHANT_ROUTING,LAGOS_NGR,OneBank_App,0.9412
02-Jun-2025,100000.0,OTHER_MERCHANT_ROUTING,LAGOS_NGR,Mobile_App,0.9412
02-Jun-2025,150000.0,OTHER_MERCHANT_ROUTING,LAGOS_NGR,Mobile_App,0.9412
25-May-2025,350000.0,OTHER_MERCHANT_ROUTING,LAGOS_NGR,OneBank_App,0.9412
25-May-2025,456000.0,OTHER_MERCHANT_ROUTING,LAGOS_NGR,Mobile_App,0.9412
10-May-2025,114500.0,OTHER_MERCHANT_ROUTING,LAGOS_NGR,Mobile_App,0.9412
10-May-2025,100000.0,OTHER_MERCHANT_ROUTING,LAGOS_NGR,Mobile_App,0.9412
26-Jun-2024,100000.0,OTHER_MERCHANT_ROUTING,LAGOS_NGR,OneBank_App,0.9412
05-Sep-2025,295000.0,OTHER_MERCHANT_ROUTING,LAGOS_NGR,Mobile_App,0.9412
05-Apr-2025,215000.0,OTHER_MERCHANT_ROUTING,LAGOS_NGR,OneBank_App,0.9412
05-Apr-2025,215000.0,OTHER_MERCHANT_ROUTING,LAGOS_NGR,Mobile_App,0.9412
24-Jul-2024,1000000.0,OTHER_MERCHANT_ROUTING,LAGOS_NGR,Mobile_App,0.9412
24-Jul-2024,282500.0,OTHER_MERCHANT_ROUTING,LAGOS_NGR,Mobile_App,0.9412
25-Jul-2024,105000.0,OTHER_MERCHANT_ROUTING,LAGOS_NGR,OneBank_App,0.9412
29-Jul-2024,150000.0,OTHER_MERCHANT_ROUTING,LAGOS_NGR,OneBank_App,0.9412
12-Aug-2024,300000.0,OTHER_MERCHANT_ROUTING,LAGOS_NGR,Mobile_App,0.9412
12-Aug-2024,100000.0,OTHER_MERCHANT_ROUTING,LAGOS_NGR,OneBank_App,0.9412
10-Apr-2025,100000.0,OTHER_MERCHANT_ROUTING,LAGOS_NGR,Mobile_App,0.9412
26-Aug-2025,100000.0,OTHER_MERCHANT_ROUTING,LAGOS_NGR,Mobile_App,0.9412
21-Aug-2025,100000.0,OTHER_MERCHANT_ROUTING,LAGOS_NGR,Mobile_App,0.9412
24-Jun-2024,880000.0,OTHER_MERCHANT_ROUTING,LAGOS_NGR,Mobile_App,0.9412
13-Aug-2025,300000.0,OTHER_MERCHANT_ROUTING,LAGOS_NGR,OneBank_App,0.9412
12-Aug-2025,334500.0,OTHER_MERCHANT_ROUTING,LAGOS_NGR,Mobile_App,0.9412
28-Oct-2022,107000.0,OTHER_MERCHANT_ROUTING,LAGOS_NGR,OneBank_App,0.9412
12-Aug-2025,300000.0,OTHER_MERCHANT_ROUTING,LAGOS_NGR,OneBank_App,0.9412
12-Aug-2025,400000.0,OTHER_MERCHANT_ROUTING,LAGOS_NGR,Mobile_App,0.9412
24-Jun-2024,200000.0,OTHER_MERCHANT_ROUTING,LAGOS_NGR,OneBank_App,0.9412
14-Jul-2025,250000.0,OTHER_MERCHANT_ROUTING,LAGOS_NGR,OneBank_App,0.9412
14-Jul-2025,100000.0,OTHER_MERCHANT_ROUTING,LAGOS_NGR,OneBank_App,0.9412
14-Jul-2025,224000.0,OTHER_MERCHANT_ROUTING,LAGOS_NGR,Mobile_App,0.9412
14-Jul-2025,336000.0,OTHER_MERCHANT_ROUTING,LAGOS_NGR,Mobile_App,0.9412
24-Jun-2024,150000.0,OTHER_MERCHANT_ROUTING,LAGOS_NGR,OneBank_App,0.9412
24-Jun-2024,1000000.0,OTHER_MERCHANT_ROUTING,LAGOS_NGR,Mobile_App,0.9412
29-Jun-2025,100000.0,OTHER_MERCHANT_ROUTING,LAGOS_NGR,Mobile_App,0.9412
16-Jun-2025,286250.0,OTHER_MERCHANT_ROUTING,LAGOS_NGR,Mobile_App,0.9412
01-Aug-2025,100000.0,OTHER_MERCHANT_ROUTING,LAGOS_NGR,Mobile_App,0.9412
27-Mar-2026,115000.0,OTHER_MERCHANT_ROUTING,LAGOS_NGR,Mobile_App,0.9412
26-Mar-2026,200000.0,OTHER_MERCHANT_ROUTING,LAGOS_NGR,OneBank_App,0.9412
26-Mar-2026,200000.0,OTHER_MERCHANT_ROUTING,LAGOS_NGR,Mobile_App,0.9412
14-Nov-2023,100000.0,OTHER_MERCHANT_ROUTING,LAGOS_NGR,OneBank_App,0.9412
12-May-2026,440000.0,OTHER_MERCHANT_ROUTING,LAGOS_NGR,OneBank_App,0.9412
06-Nov-2023,450000.0,OTHER_MERCHANT_ROUTING,LAGOS_NGR,Mobile_App,0.9412
11-May-2026,250000.0,OTHER_MERCHANT_ROUTING,LAGOS_NGR,OneBank_App,0.9412
22-Feb-2024,300000.0,OTHER_MERCHANT_ROUTING,LAGOS_NGR,Mobile_App,0.9412
12-May-2026,500000.0,OTHER_MERCHANT_ROUTING,LAGOS_NGR,Mobile_App,0.9412
14-Sep-2023,200000.0,OTHER_MERCHANT_ROUTING,LAGOS_NGR,OneBank_App,0.9412
11-May-2026,250000.0,OTHER_MERCHANT_ROUTING,LAGOS_NGR,Mobile_App,0.9412
14-Sep-2023,237600.0,OTHER_MERCHANT_ROUTING,LAGOS_NGR,Mobile_App,0.9412
26-Feb-2024,300000.0,OTHER_MERCHANT_ROUTING,LAGOS_NGR,Mobile_App,0.9412
26-Feb-2024,200000.0,OTHER_MERCHANT_ROUTING,LAGOS_NGR,Mobile_App,0.9412
11-May-2026,450000.0,OTHER_MERCHANT_ROUTING,LAGOS_NGR,Mobile_App,0.9412
14-Sep-2023,200000.0,OTHER_MERCHANT_ROUTING,LAGOS_NGR,OneBank_App,0.9412
26-Feb-2024,5000000.0,OTHER_MERCHANT_ROUTING,LAGOS_NGR,Mobile_App,0.9412
14-Sep-2023,200000.0,OTHER_MERCHANT_ROUTING,LAGOS_NGR,OneBank_App,0.9412
09-Jul-2024,94.6,OTHER_MERCHANT_ROUTING,LAGOS_NGR,Mobile_App,0.82
24-Aug-2023,10.0,OTHER_MERCHANT_ROUTING,LAGOS_NGR,OneBank_App,0.82
16-Aug-2023,50.0,OTHER_MERCHANT_ROUTING,LAGOS_NGR,Mobile_App,0.82
27-Jun-2024,100.0,OTHER_MERCHANT_ROUTING,LAGOS_NGR,Mobile_App,0.82
20-Jun-2023,50.0,OTHER_MERCHANT_ROUTING,LAGOS_NGR,Mobile_App,0.82
27-Jun-2023,50.0,OTHER_MERCHANT_ROUTING,LAGOS_NGR,Mobile_App,0.82
30-Jun-2023,50.0,OTHER_MERCHANT_ROUTING,LAGOS_NGR,Mobile_App,0.82
03-Jul-2023,50.0,OTHER_MERCHANT_ROUTING,LAGOS_NGR,Mobile_App,0.82
10-Jul-2023,83.1,OTHER_MERCHANT_ROUTING,LAGOS_NGR,Mobile_App,0.82
10-Aug-2023,50.0,OTHER_MERCHANT_ROUTING,LAGOS_NGR,Mobile_App,0.82
07-Aug-2023,124.7,OTHER_MERCHANT_ROUTING,LAGOS_NGR,Mobile_App,0.82
25-Jun-2024,50.0,OTHER_MERCHANT_ROUTING,LAGOS_NGR,Mobile_App,0.82
12-Jul-2023,50.0,OTHER_MERCHANT_ROUTING,LAGOS_NGR,Mobile_App,0.82
17-Jul-2023,50.0,OTHER_MERCHANT_ROUTING,LAGOS_NGR,Mobile_App,0.82
01-Aug-2023,50.0,OTHER_MERCHANT_ROUTING,LAGOS_NGR,Mobile_App,0.82
16-Jul-2024,50.0,OTHER_MERCHANT_ROUTING,LAGOS_NGR,Mobile_App,0.82
28-Jul-2023,50.0,OTHER_MERCHANT_ROUTING,LAGOS_NGR,Mobile_App,0.82
05-Sep-2023,107.5,OTHER_MERCHANT_ROUTING,LAGOS_NGR,Mobile_App,0.82
17-Oct-2024,10.0,OTHER_MERCHANT_ROUTING,LAGOS_NGR,OneBank_App,0.82
17-Oct-2024,0.75,OTHER_MERCHANT_ROUTING,LAGOS_NGR,OneBank_App,0.82
10-Oct-2024,25.0,OTHER_MERCHANT_ROUTING,LAGOS_NGR,OneBank_App,0.82
10-Oct-2024,1.88,OTHER_MERCHANT_ROUTING,LAGOS_NGR,OneBank_App,0.82
09-Oct-2024,10.0,OTHER_MERCHANT_ROUTING,LAGOS_NGR,OneBank_App,0.82
09-Oct-2024,0.75,OTHER_MERCHANT_ROUTING,LAGOS_NGR,OneBank_App,0.82
03-Oct-2024,10.0,OTHER_MERCHANT_ROUTING,LAGOS_NGR,OneBank_App,0.82
03-Oct-2024,0.75,OTHER_MERCHANT_ROUTING,LAGOS_NGR,OneBank_App,0.82
03-Oct-2024,10.0,OTHER_MERCHANT_ROUTING,LAGOS_NGR,OneBank_App,0.82
03-Oct-2024,0.75,OTHER_MERCHANT_ROUTING,LAGOS_NGR,OneBank_App,0.82
03-Oct-2024,10.0,OTHER_MERCHANT_ROUTING,LAGOS_NGR,OneBank_App,0.82
03-Oct-2024,0.75,OTHER_MERCHANT_ROUTING,LAGOS_NGR,OneBank_App,0.82
02-Oct-2024,10.0,OTHER_MERCHANT_ROUTING,LAGOS_NGR,OneBank_App,0.82
02-Oct-2024,0.75,OTHER_MERCHANT_ROUTING,LAGOS_NGR,OneBank_App,0.82
24-Jul-2024,50.0,OTHER_MERCHANT_ROUTING,LAGOS_NGR,Mobile_App,0.82
01-Oct-2024,0.75,OTHER_MERCHANT_ROUTING,LAGOS_NGR,OneBank_App,0.82
27-Aug-2024,50.0,OTHER_MERCHANT_ROUTING,LAGOS_NGR,Mobile_App,0.82
25-Oct-2024,0.75,OTHER_MERCHANT_ROUTING,LAGOS_NGR,OneBank_App,0.82
12-Aug-2024,206.4,OTHER_MERCHANT_ROUTING,LAGOS_NGR,Mobile_App,0.82
12-Aug-2024,50.0,OTHER_MERCHANT_ROUTING,LAGOS_NGR,Mobile_App,0.82
31-May-2023,50.0,OTHER_MERCHANT_ROUTING,LAGOS_NGR,Mobile_App,0.82
13-Jun-2023,83.1,OTHER_MERCHANT_ROUTING,LAGOS_NGR,Mobile_App,0.82
26-Jul-2024,50.0,OTHER_MERCHANT_ROUTING,LAGOS_NGR,Mobile_App,0.82
25-Jul-2024,1.88,OTHER_MERCHANT_ROUTING,LAGOS_NGR,OneBank_App,0.82
25-Jul-2024,36500.0,OTHER_MERCHANT_ROUTING,LAGOS_NGR,OneBank_App,0.82
13-Jun-2023,50.0,OTHER_MERCHANT_ROUTING,LAGOS_NGR,Mobile_App,0.82
16-Jun-2023,50.0,OTHER_MERCHANT_ROUTING,LAGOS_NGR,Mobile_App,0.82
14-Sep-2023,50.0,OTHER_MERCHANT_ROUTING,LAGOS_NGR,Mobile_App,0.82
19-Jun-2023,50.0,OTHER_MERCHANT_ROUTING,LAGOS_NGR,Mobile_App,0.82
23-Jul-2024,50.0,OTHER_MERCHANT_ROUTING,LAGOS_NGR,Mobile_App,0.82
01-Oct-2024,10.0,OTHER_MERCHANT_ROUTING,LAGOS_NGR,OneBank_App,0.82
27-May-2024,75.0,OTHER_MERCHANT_ROUTING,LAGOS_NGR,Mobile_App,0.82
27-May-2024,1000.0,OTHER_MERCHANT_ROUTING,LAGOS_NGR,Mobile_App,0.82
27-May-2024,1000.0,OTHER_MERCHANT_ROUTING,LAGOS_NGR,Mobile_App,0.82
05-Feb-2024,129.0,OTHER_MERCHANT_ROUTING,LAGOS_NGR,Mobile_App,0.82
07-Feb-2024,50.0,OTHER_MERCHANT_ROUTING,LAGOS_NGR,Mobile_App,0.82
08-Feb-2024,50.0,OTHER_MERCHANT_ROUTING,LAGOS_NGR,Mobile_App,0.82
17-May-2024,50.0,OTHER_MERCHANT_ROUTING,LAGOS_NGR,Mobile_App,0.82
06-May-2024,81.7,OTHER_MERCHANT_ROUTING,LAGOS_NGR,Mobile_App,0.82
26-Apr-2024,50.0,OTHER_MERCHANT_ROUTING,LAGOS_NGR,Mobile_App,0.82
24-Apr-2024,50.0,OTHER_MERCHANT_ROUTING,LAGOS_NGR,Mobile_App,0.82
08-Apr-2024,68.8,OTHER_MERCHANT_ROUTING,LAGOS_NGR,Mobile_App,0.82
09-Feb-2024,50.0,OTHER_MERCHANT_ROUTING,LAGOS_NGR,Mobile_App,0.82
14-Sep-2023,50.0,OTHER_MERCHANT_ROUTING,LAGOS_NGR,OneBank_App,0.82
08-Apr-2024,50.0,OTHER_MERCHANT_ROUTING,LAGOS_NGR,Mobile_App,0.82
26-Mar-2024,50.0,OTHER_MERCHANT_ROUTING,LAGOS_NGR,Mobile_App,0.82
22-Mar-2024,50.0,OTHER_MERCHANT_ROUTING,LAGOS_NGR,Mobile_App,0.82
20-Feb-2024,50.0,OTHER_MERCHANT_ROUTING,LAGOS_NGR,Mobile_App,0.82
12-Mar-2024,50.0,OTHER_MERCHANT_ROUTING,LAGOS_NGR,Mobile_App,0.82
11-Mar-2024,50.0,OTHER_MERCHANT_ROUTING,LAGOS_NGR,Mobile_App,0.82
07-Mar-2024,50.0,OTHER_MERCHANT_ROUTING,LAGOS_NGR,Mobile_App,0.82
04-Mar-2024,146.2,OTHER_MERCHANT_ROUTING,LAGOS_NGR,Mobile_App,0.82
29-Feb-2024,50.0,OTHER_MERCHANT_ROUTING,LAGOS_NGR,Mobile_App,0.82
22-Feb-2024,50.0,OTHER_MERCHANT_ROUTING,LAGOS_NGR,Mobile_App,0.82
26-Feb-2024,50.0,OTHER_MERCHANT_ROUTING,LAGOS_NGR,Mobile_App,0.82
26-Feb-2024,50.0,OTHER_MERCHANT_ROUTING,LAGOS_NGR,Mobile_App,0.82
26-Feb-2024,50.0,OTHER_MERCHANT_ROUTING,LAGOS_NGR,Mobile_App,0.82
13-Feb-2024,50.0,OTHER_MERCHANT_ROUTING,LAGOS_NGR,Mobile_App,0.82
14-Sep-2023,50.0,OTHER_MERCHANT_ROUTING,LAGOS_NGR,OneBank_App,0.82
14-Sep-2023,50.0,OTHER_MERCHANT_ROUTING,LAGOS_NGR,OneBank_App,0.82
18-Sep-2023,10.0,OTHER_MERCHANT_ROUTING,LAGOS_NGR,OneBank_App,0.82
24-Jun-2024,50.0,OTHER_MERCHANT_ROUTING,LAGOS_NGR,Mobile_App,0.82
26-Sep-2023,50.0,OTHER_MERCHANT_ROUTING,LAGOS_NGR,Mobile_App,0.82
03-Oct-2023,50.0,OTHER_MERCHANT_ROUTING,LAGOS_NGR,Mobile_App,0.82
09-Oct-2023,154.8,OTHER_MERCHANT_ROUTING,LAGOS_NGR,Mobile_App,0.82
10-Oct-2023,50.0,OTHER_MERCHANT_ROUTING,LAGOS_NGR,Mobile_App,0.82
13-Oct-2023,50.0,OTHER_MERCHANT_ROUTING,LAGOS_NGR,Mobile_App,0.82
17-Oct-2023,50.0,OTHER_MERCHANT_ROUTING,LAGOS_NGR,Mobile_App,0.82
18-Oct-2023,50.0,OTHER_MERCHANT_ROUTING,LAGOS_NGR,Mobile_App,0.82
03-Nov-2023,50.0,OTHER_MERCHANT_ROUTING,LAGOS_NGR,Mobile_App,0.82
30-Jan-2024,50.0,OTHER_MERCHANT_ROUTING,LAGOS_NGR,Mobile_App,0.82
06-Nov-2023,120.4,OTHER_MERCHANT_ROUTING,LAGOS_NGR,Mobile_App,0.82
06-Nov-2023,50.0,OTHER_MERCHANT_ROUTING,LAGOS_NGR,Mobile_App,0.82
10-Nov-2023,50.0,OTHER_MERCHANT_ROUTING,LAGOS_NGR,Mobile_App,0.82
28-Nov-2023,50.0,OTHER_MERCHANT_ROUTING,LAGOS_NGR,Mobile_App,0.82
10-Jun-2024,50.0,OTHER_MERCHANT_ROUTING,LAGOS_NGR,Mobile_App,0.82
28-Nov-2023,50.0,OTHER_MERCHANT_ROUTING,LAGOS_NGR,Mobile_App,0.82
07-Dec-2023,120.4,OTHER_MERCHANT_ROUTING,LAGOS_NGR,Mobile_App,0.82
18-Dec-2023,50.0,OTHER_MERCHANT_ROUTING,LAGOS_NGR,Mobile_App,0.82
28-May-2024,50.0,OTHER_MERCHANT_ROUTING,LAGOS_NGR,Mobile_App,0.82
28-Dec-2023,50.0,OTHER_MERCHANT_ROUTING,LAGOS_NGR,Mobile_App,0.82
29-Dec-2023,50.0,OTHER_MERCHANT_ROUTING,LAGOS_NGR,Mobile_App,0.82
09-Jan-2024,107.5,OTHER_MERCHANT_ROUTING,LAGOS_NGR,Mobile_App,0.82
17-Jan-2024,50.0,OTHER_MERCHANT_ROUTING,LAGOS_NGR,Mobile_App,0.82
13-Jun-2024,172.0,OTHER_MERCHANT_ROUTING,LAGOS_NGR,Mobile_App,0.82
09-Apr-2026,3.75,OTHER_MERCHANT_ROUTING,LAGOS_NGR,Mobile_App,0.82
09-Apr-2026,50.0,OTHER_MERCHANT_ROUTING,LAGOS_NGR,Mobile_App,0.82
06-Apr-2026,50.0,OTHER_MERCHANT_ROUTING,LAGOS_NGR,OneBank_App,0.82
04-Apr-2026,50.0,OTHER_MERCHANT_ROUTING,LAGOS_NGR,OneBank_App,0.82
29-Mar-2026,50.0,OTHER_MERCHANT_ROUTING,LAGOS_NGR,OneBank_App,0.82
28-Mar-2026,303.15,OTHER_MERCHANT_ROUTING,LAGOS_NGR,Mobile_App,0.82
28-Mar-2026,367.65,OTHER_MERCHANT_ROUTING,LAGOS_NGR,Mobile_App,0.82
28-Mar-2026,50.0,OTHER_MERCHANT_ROUTING,LAGOS_NGR,OneBank_App,0.82
28-Mar-2026,316.05,OTHER_MERCHANT_ROUTING,LAGOS_NGR,Mobile_App,0.82
27-Mar-2026,50.0,OTHER_MERCHANT_ROUTING,LAGOS_NGR,OneBank_App,0.82
27-Mar-2026,50.0,OTHER_MERCHANT_ROUTING,LAGOS_NGR,OneBank_App,0.82
27-Mar-2026,50.0,OTHER_MERCHANT_ROUTING,LAGOS_NGR,OneBank_App,0.82
27-Mar-2026,50.0,OTHER_MERCHANT_ROUTING,LAGOS_NGR,OneBank_App,0.82
27-Mar-2026,50.0,OTHER_MERCHANT_ROUTING,LAGOS_NGR,OneBank_App,0.82
26-Mar-2026,50.0,OTHER_MERCHANT_ROUTING,LAGOS_NGR,OneBank_App,0.82
05-Jun-2023,50.0,OTHER_MERCHANT_ROUTING,LAGOS_NGR,Mobile_App,0.82
13-Feb-2026,50.0,OTHER_MERCHANT_ROUTING,LAGOS_NGR,OneBank_App,0.82
15-Feb-2026,50.0,OTHER_MERCHANT_ROUTING,LAGOS_NGR,OneBank_App,0.82
15-Feb-2026,50.0,OTHER_MERCHANT_ROUTING,LAGOS_NGR,OneBank_App,0.82
17-Feb-2026,50.0,OTHER_MERCHANT_ROUTING,LAGOS_NGR,OneBank_App,0.82
17-Feb-2026,50.0,OTHER_MERCHANT_ROUTING,LAGOS_NGR,OneBank_App,0.82
17-Feb-2026,50.0,OTHER_MERCHANT_ROUTING,LAGOS_NGR,OneBank_App,0.82
25-Feb-2026,50.0,OTHER_MERCHANT_ROUTING,LAGOS_NGR,OneBank_App,0.82
26-Mar-2026,50.0,OTHER_MERCHANT_ROUTING,LAGOS_NGR,OneBank_App,0.82
28-Feb-2026,50.0,OTHER_MERCHANT_ROUTING,LAGOS_NGR,OneBank_App,0.82
28-Feb-2026,50.0,OTHER_MERCHANT_ROUTING,LAGOS_NGR,OneBank_App,0.82
02-Mar-2026,50.0,OTHER_MERCHANT_ROUTING,LAGOS_NGR,OneBank_App,0.82
02-Mar-2026,50.0,OTHER_MERCHANT_ROUTING,LAGOS_NGR,OneBank_App,0.82
04-Mar-2026,50.0,OTHER_MERCHANT_ROUTING,LAGOS_NGR,OneBank_App,0.82
24-Mar-2026,50.0,OTHER_MERCHANT_ROUTING,LAGOS_NGR,OneBank_App,0.82
25-Mar-2026,50.0,OTHER_MERCHANT_ROUTING,LAGOS_NGR,OneBank_App,0.82
25-Mar-2026,50.0,OTHER_MERCHANT_ROUTING,LAGOS_NGR,OneBank_App,0.82
26-Feb-2026,50.0,OTHER_MERCHANT_ROUTING,LAGOS_NGR,POS_Terminal,0.82
11-May-2026,50.0,OTHER_MERCHANT_ROUTING,LAGOS_NGR,OneBank_App,0.82
11-May-2026,50.0,OTHER_MERCHANT_ROUTING,LAGOS_NGR,OneBank_App,0.82
11-May-2026,50.0,OTHER_MERCHANT_ROUTING,LAGOS_NGR,OneBank_App,0.82
11-May-2026,50.0,OTHER_MERCHANT_ROUTING,LAGOS_NGR,OneBank_App,0.82
11-May-2026,50.0,OTHER_MERCHANT_ROUTING,LAGOS_NGR,OneBank_App,0.82
11-May-2026,50.0,OTHER_MERCHANT_ROUTING,LAGOS_NGR,OneBank_App,0.82
11-May-2026,50.0,OTHER_MERCHANT_ROUTING,LAGOS_NGR,OneBank_App,0.82
09-Apr-2026,70.95,OTHER_MERCHANT_ROUTING,LAGOS_NGR,Mobile_App,0.82
11-May-2026,50.0,OTHER_MERCHANT_ROUTING,LAGOS_NGR,OneBank_App,0.82
07-Mar-2022,23.22,OTHER_MERCHANT_ROUTING,LAGOS_NGR,Mobile_App,0.82
28-Mar-2022,19.67,OTHER_MERCHANT_ROUTING,LAGOS_NGR,Mobile_App,0.82
31-Jan-2022,50.0,OTHER_MERCHANT_ROUTING,LAGOS_NGR,Mobile_App,0.82
11-May-2026,50.0,OTHER_MERCHANT_ROUTING,LAGOS_NGR,OneBank_App,0.82
11-May-2026,50.0,OTHER_MERCHANT_ROUTING,LAGOS_NGR,OneBank_App,0.82
11-May-2026,50.0,OTHER_MERCHANT_ROUTING,LAGOS_NGR,OneBank_App,0.82
11-May-2026,50.0,OTHER_MERCHANT_ROUTING,LAGOS_NGR,OneBank_App,0.82
11-May-2026,50.0,OTHER_MERCHANT_ROUTING,LAGOS_NGR,OneBank_App,0.82
11-Apr-2026,45.15,OTHER_MERCHANT_ROUTING,LAGOS_NGR,Mobile_App,0.82
12-Apr-2026,161.25,OTHER_MERCHANT_ROUTING,LAGOS_NGR,Mobile_App,0.82
16-Apr-2026,50.0,OTHER_MERCHANT_ROUTING,LAGOS_NGR,OneBank_App,0.82
23-Apr-2026,50.0,OTHER_MERCHANT_ROUTING,LAGOS_NGR,POS_Terminal,0.82
24-Apr-2026,50.0,OTHER_MERCHANT_ROUTING,LAGOS_NGR,OneBank_App,0.82
27-Apr-2026,50.0,OTHER_MERCHANT_ROUTING,LAGOS_NGR,OneBank_App,0.82
06-May-2026,38.7,OTHER_MERCHANT_ROUTING,LAGOS_NGR,Mobile_App,0.82
11-May-2026,50.0,OTHER_MERCHANT_ROUTING,LAGOS_NGR,OneBank_App,0.82
06-May-2026,32.25,OTHER_MERCHANT_ROUTING,LAGOS_NGR,Mobile_App,0.82
06-May-2026,77.4,OTHER_MERCHANT_ROUTING,LAGOS_NGR,Mobile_App,0.82
11-May-2026,50.0,OTHER_MERCHANT_ROUTING,LAGOS_NGR,OneBank_App,0.82
11-May-2026,50.0,OTHER_MERCHANT_ROUTING,LAGOS_NGR,OneBank_App,0.82
11-May-2026,50.0,OTHER_MERCHANT_ROUTING,LAGOS_NGR,OneBank_App,0.82
11-May-2026,50.0,OTHER_MERCHANT_ROUTING,LAGOS_NGR,OneBank_App,0.82
11-May-2026,50.0,OTHER_MERCHANT_ROUTING,LAGOS_NGR,OneBank_App,0.82
11-May-2026,50.0,OTHER_MERCHANT_ROUTING,LAGOS_NGR,OneBank_App,0.82
06-May-2026,6.45,OTHER_MERCHANT_ROUTING,LAGOS_NGR,Mobile_App,0.82
02-Apr-2025,50.0,OTHER_MERCHANT_ROUTING,LAGOS_NGR,Mobile_App,0.82
15-Mar-2025,68.8,OTHER_MERCHANT_ROUTING,LAGOS_NGR,Mobile_App,0.82
25-Feb-2025,25.0,OTHER_MERCHANT_ROUTING,LAGOS_NGR,OneBank_App,0.82
25-Feb-2025,1.88,OTHER_MERCHANT_ROUTING,LAGOS_NGR,OneBank_App,0.82
13-Feb-2025,94.6,OTHER_MERCHANT_ROUTING,LAGOS_NGR,Mobile_App,0.82
31-Jan-2025,94.6,OTHER_MERCHANT_ROUTING,LAGOS_NGR,Mobile_App,0.82
27-Jan-2025,25.0,OTHER_MERCHANT_ROUTING,LAGOS_NGR,OneBank_App,0.82
27-Jan-2025,1.88,OTHER_MERCHANT_ROUTING,LAGOS_NGR,OneBank_App,0.82
14-Jan-2025,25.0,OTHER_MERCHANT_ROUTING,LAGOS_NGR,OneBank_App,0.82
14-Jan-2025,1.88,OTHER_MERCHANT_ROUTING,LAGOS_NGR,OneBank_App,0.82
10-Jan-2025,25.0,OTHER_MERCHANT_ROUTING,LAGOS_NGR,OneBank_App,0.82
10-Jan-2025,1.88,OTHER_MERCHANT_ROUTING,LAGOS_NGR,OneBank_App,0.82
30-Dec-2024,3.75,OTHER_MERCHANT_ROUTING,LAGOS_NGR,Mobile_App,0.82
30-Dec-2024,50.0,OTHER_MERCHANT_ROUTING,LAGOS_NGR,Mobile_App,0.82
23-Dec-2024,10.0,OTHER_MERCHANT_ROUTING,LAGOS_NGR,OneBank_App,0.82
11-Feb-2026,50.0,OTHER_MERCHANT_ROUTING,LAGOS_NGR,OneBank_App,0.82
25-Oct-2024,10.0,OTHER_MERCHANT_ROUTING,LAGOS_NGR,OneBank_App,0.82
28-Oct-2024,1.88,OTHER_MERCHANT_ROUTING,LAGOS_NGR,OneBank_App,0.82
28-Oct-2024,25.0,OTHER_MERCHANT_ROUTING,LAGOS_NGR,OneBank_App,0.82
31-Oct-2024,146.2,OTHER_MERCHANT_ROUTING,LAGOS_NGR,Mobile_App,0.82
07-Nov-2024,1.88,OTHER_MERCHANT_ROUTING,LAGOS_NGR,OneBank_App,0.82
07-Nov-2024,25.0,OTHER_MERCHANT_ROUTING,LAGOS_NGR,OneBank_App,0.82
25-Nov-2024,0.75,OTHER_MERCHANT_ROUTING,LAGOS_NGR,OneBank_App,0.82
23-Dec-2024,0.75,OTHER_MERCHANT_ROUTING,LAGOS_NGR,OneBank_App,0.82
26-Nov-2024,0.75,OTHER_MERCHANT_ROUTING,LAGOS_NGR,OneBank_App,0.82
26-Nov-2024,10.0,OTHER_MERCHANT_ROUTING,LAGOS_NGR,OneBank_App,0.82
04-Dec-2024,50.0,OTHER_MERCHANT_ROUTING,LAGOS_NGR,Mobile_App,0.82
04-Dec-2024,3.75,OTHER_MERCHANT_ROUTING,LAGOS_NGR,Mobile_App,0.82
09-Dec-2024,1.88,OTHER_MERCHANT_ROUTING,LAGOS_NGR,OneBank_App,0.82
09-Dec-2024,25.0,OTHER_MERCHANT_ROUTING,LAGOS_NGR,OneBank_App,0.82
13-Dec-2024,25.8,OTHER_MERCHANT_ROUTING,LAGOS_NGR,Mobile_App,0.82
13-Dec-2024,167.7,OTHER_MERCHANT_ROUTING,LAGOS_NGR,Mobile_App,0.82
25-Nov-2024,10.0,OTHER_MERCHANT_ROUTING,LAGOS_NGR,OneBank_App,0.82
09-Jan-2026,50.0,OTHER_MERCHANT_ROUTING,LAGOS_NGR,OneBank_App,0.82
11-Jan-2026,50.0,OTHER_MERCHANT_ROUTING,LAGOS_NGR,Mobile_App,0.82
26-Jan-2026,50.0,OTHER_MERCHANT_ROUTING,LAGOS_NGR,OneBank_App,0.82
27-Jan-2026,50.0,OTHER_MERCHANT_ROUTING,LAGOS_NGR,OneBank_App,0.82
28-Jan-2026,50.0,OTHER_MERCHANT_ROUTING,LAGOS_NGR,OneBank_App,0.82
28-Jan-2026,50.0,OTHER_MERCHANT_ROUTING,LAGOS_NGR,OneBank_App,0.82
28-Jan-2026,50.0,OTHER_MERCHANT_ROUTING,LAGOS_NGR,OneBank_App,0.82
02-Apr-2025,3.75,OTHER_MERCHANT_ROUTING,LAGOS_NGR,Mobile_App,0.82
30-Jan-2026,50.0,OTHER_MERCHANT_ROUTING,LAGOS_NGR,OneBank_App,0.82
05-Feb-2026,50.0,OTHER_MERCHANT_ROUTING,LAGOS_NGR,OneBank_App,0.82
05-Feb-2026,50.0,OTHER_MERCHANT_ROUTING,LAGOS_NGR,OneBank_App,0.82
05-Feb-2026,50.0,OTHER_MERCHANT_ROUTING,LAGOS_NGR,OneBank_App,0.82
11-Feb-2026,50.0,OTHER_MERCHANT_ROUTING,LAGOS_NGR,OneBank_App,0.82
11-Feb-2026,50.0,OTHER_MERCHANT_ROUTING,LAGOS_NGR,OneBank_App,0.82
11-Feb-2026,50.0,OTHER_MERCHANT_ROUTING,LAGOS_NGR,OneBank_App,0.82
11-Feb-2026,50.0,OTHER_MERCHANT_ROUTING,LAGOS_NGR,OneBank_App,0.82
28-Jan-2026,50.0,OTHER_MERCHANT_ROUTING,LAGOS_NGR,OneBank_App,0.82
11-Apr-2025,60.2,OTHER_MERCHANT_ROUTING,LAGOS_NGR,Mobile_App,0.82
15-May-2025,184.9,OTHER_MERCHANT_ROUTING,LAGOS_NGR,Mobile_App,0.82
11-Jun-2025,184.9,OTHER_MERCHANT_ROUTING,LAGOS_NGR,Mobile_App,0.82
30-Jun-2025,50.0,OTHER_MERCHANT_ROUTING,LAGOS_NGR,Mobile_App,0.82
30-Jun-2025,3.75,OTHER_MERCHANT_ROUTING,LAGOS_NGR,Mobile_App,0.82
14-Aug-2025,6000.0,OTHER_MERCHANT_ROUTING,LAGOS_NGR,OneBank_App,0.82
20-Aug-2025,4000.0,OTHER_MERCHANT_ROUTING,LAGOS_NGR,OneBank_App,0.82
03-Jan-2026,50.0,OTHER_MERCHANT_ROUTING,LAGOS_NGR,OneBank_App,0.82
30-Sep-2025,50.0,OTHER_MERCHANT_ROUTING,LAGOS_NGR,Mobile_App,0.82
30-Sep-2025,3.75,OTHER_MERCHANT_ROUTING,LAGOS_NGR,Mobile_App,0.82
16-Oct-2025,219.3,OTHER_MERCHANT_ROUTING,LAGOS_NGR,Mobile_App,0.82
31-Oct-2025,621.35,OTHER_MERCHANT_ROUTING,LAGOS_NGR,Mobile_App,0.82
14-Nov-2025,361.2,OTHER_MERCHANT_ROUTING,LAGOS_NGR,Mobile_App,0.82
31-Dec-2025,50.0,OTHER_MERCHANT_ROUTING,LAGOS_NGR,Mobile_App,0.82
31-Dec-2025,3.75,OTHER_MERCHANT_ROUTING,LAGOS_NGR,Mobile_App,0.82
02-Jan-2026,50.0,OTHER_MERCHANT_ROUTING,LAGOS_NGR,OneBank_App,0.82
14-Sep-2025,464.4,OTHER_MERCHANT_ROUTING,LAGOS_NGR,Mobile_App,0.82
26-Oct-2022,50.0,OTHER_MERCHANT_ROUTING,LAGOS_NGR,Mobile_App,0.82
26-Sep-2022,42.57,OTHER_MERCHANT_ROUTING,LAGOS_NGR,Mobile_App,0.82
13-May-2026,50.0,OTHER_MERCHANT_ROUTING,LAGOS_NGR,OneBank_App,0.82
24-Mar-2023,50.0,OTHER_MERCHANT_ROUTING,LAGOS_NGR,Mobile_App,0.82
09-May-2022,17.09,OTHER_MERCHANT_ROUTING,LAGOS_NGR,Mobile_App,0.82
26-Sep-2022,6.98,OTHER_MERCHANT_ROUTING,LAGOS_NGR,USSD,0.82
10-May-2022,50.0,OTHER_MERCHANT_ROUTING,LAGOS_NGR,Mobile_App,0.82
11-Apr-2023,50.0,OTHER_MERCHANT_ROUTING,LAGOS_NGR,Mobile_App,0.82
26-Sep-2022,6.98,OTHER_MERCHANT_ROUTING,LAGOS_NGR,USSD,0.82
12-May-2026,50.0,OTHER_MERCHANT_ROUTING,LAGOS_NGR,OneBank_App,0.82
24-Oct-2022,75.14,OTHER_MERCHANT_ROUTING,LAGOS_NGR,Mobile_App,0.82
19-Jan-2023,50.0,OTHER_MERCHANT_ROUTING,LAGOS_NGR,Mobile_App,0.82
12-May-2026,50.0,OTHER_MERCHANT_ROUTING,LAGOS_NGR,OneBank_App,0.82
22-Dec-2022,50.0,OTHER_MERCHANT_ROUTING,LAGOS_NGR,Mobile_App,0.82
25-Jul-2022,10.0,OTHER_MERCHANT_ROUTING,LAGOS_NGR,Mobile_App,0.82
12-May-2026,50.0,OTHER_MERCHANT_ROUTING,LAGOS_NGR,OneBank_App,0.82
12-May-2026,50.0,OTHER_MERCHANT_ROUTING,LAGOS_NGR,OneBank_App,0.82
05-Sep-2022,10.0,OTHER_MERCHANT_ROUTING,LAGOS_NGR,Mobile_App,0.82
28-Oct-2022,50.0,OTHER_MERCHANT_ROUTING,LAGOS_NGR,OneBank_App,0.82
01-Jul-2022,10.0,OTHER_MERCHANT_ROUTING,LAGOS_NGR,Mobile_App,0.82
08-May-2023,83.31,OTHER_MERCHANT_ROUTING,LAGOS_NGR,Mobile_App,0.82
25-Apr-2023,50.0,OTHER_MERCHANT_ROUTING,LAGOS_NGR,Mobile_App,0.82
27-Mar-2023,50.0,OTHER_MERCHANT_ROUTING,LAGOS_NGR,Mobile_App,0.82
13-Mar-2023,56.44,OTHER_MERCHANT_ROUTING,LAGOS_NGR,Mobile_App,0.82
10-Feb-2023,0.01,OTHER_MERCHANT_ROUTING,LAGOS_NGR,OneBank_App,0.82
28-Apr-2022,10.0,OTHER_MERCHANT_ROUTING,LAGOS_NGR,Mobile_App,0.82
31-Jan-2022,17.42,OTHER_MERCHANT_ROUTING,LAGOS_NGR,Mobile_App,0.82
26-Sep-2022,6.98,OTHER_MERCHANT_ROUTING,LAGOS_NGR,USSD,0.82
31-Mar-2023,50.0,OTHER_MERCHANT_ROUTING,LAGOS_NGR,Mobile_App,0.82
13-Feb-2023,80.63,OTHER_MERCHANT_ROUTING,LAGOS_NGR,Mobile_App,0.82
17-Mar-2023,10.0,OTHER_MERCHANT_ROUTING,LAGOS_NGR,OneBank_App,0.82
24-Jan-2023,50.0,OTHER_MERCHANT_ROUTING,LAGOS_NGR,Mobile_App,0.82
26-Sep-2022,6.98,OTHER_MERCHANT_ROUTING,LAGOS_NGR,USSD,0.82
20-Apr-2023,50.0,OTHER_MERCHANT_ROUTING,LAGOS_NGR,Mobile_App,0.82
14-Dec-2022,50.0,OTHER_MERCHANT_ROUTING,LAGOS_NGR,Mobile_App,0.82
26-Oct-2022,50.0,OTHER_MERCHANT_ROUTING,LAGOS_NGR,Mobile_App,0.82
12-May-2026,50.0,OTHER_MERCHANT_ROUTING,LAGOS_NGR,POS_Terminal,0.82
16-Aug-2022,25.0,OTHER_MERCHANT_ROUTING,LAGOS_NGR,Mobile_App,0.82
04-Apr-2023,25.0,OTHER_MERCHANT_ROUTING,LAGOS_NGR,OneBank_App,0.82
27-Jun-2022,22.9,OTHER_MERCHANT_ROUTING,LAGOS_NGR,Mobile_App,0.82
29-Aug-2022,10.0,OTHER_MERCHANT_ROUTING,LAGOS_NGR,Mobile_App,0.82
22-Feb-2023,50.0,OTHER_MERCHANT_ROUTING,LAGOS_NGR,Mobile_App,0.82
29-Sep-2022,6.98,OTHER_MERCHANT_ROUTING,LAGOS_NGR,USSD,0.82
04-Jan-2023,50.0,OTHER_MERCHANT_ROUTING,LAGOS_NGR,Mobile_App,0.82
04-Oct-2022,6.98,OTHER_MERCHANT_ROUTING,LAGOS_NGR,USSD,0.82
26-Oct-2022,50.0,OTHER_MERCHANT_ROUTING,LAGOS_NGR,Mobile_App,0.82
29-Jun-2022,10.0,OTHER_MERCHANT_ROUTING,LAGOS_NGR,Mobile_App,0.82
12-May-2026,50.0,OTHER_MERCHANT_ROUTING,LAGOS_NGR,POS_Terminal,0.82
25-May-2023,50.0,OTHER_MERCHANT_ROUTING,LAGOS_NGR,Mobile_App,0.82
28-Nov-2022,50.36,OTHER_MERCHANT_ROUTING,LAGOS_NGR,Mobile_App,0.82
11-Apr-2023,104.81,OTHER_MERCHANT_ROUTING,LAGOS_NGR,Mobile_App,0.82
26-Sep-2022,6.98,OTHER_MERCHANT_ROUTING,LAGOS_NGR,USSD,0.82
29-Aug-2022,20.32,OTHER_MERCHANT_ROUTING,LAGOS_NGR,Mobile_App,0.82
01-Sep-2022,50.0,OTHER_MERCHANT_ROUTING,LAGOS_NGR,Mobile_App,0.82
20-Mar-2023,50.0,OTHER_MERCHANT_ROUTING,LAGOS_NGR,Mobile_App,0.82
01-Aug-2022,23.22,OTHER_MERCHANT_ROUTING,LAGOS_NGR,Mobile_App,0.82
23-Mar-2023,10.0,OTHER_MERCHANT_ROUTING,LAGOS_NGR,OneBank_App,0.82
28-Feb-2023,50.0,OTHER_MERCHANT_ROUTING,LAGOS_NGR,Mobile_App,0.82
30-May-2022,20.0,OTHER_MERCHANT_ROUTING,LAGOS_NGR,Mobile_App,0.82
15-Aug-2022,50.0,OTHER_MERCHANT_ROUTING,LAGOS_NGR,Mobile_App,0.82
28-Dec-2022,18.81,OTHER_MERCHANT_ROUTING,LAGOS_NGR,Mobile_App,0.82
16-Jan-2023,50.0,OTHER_MERCHANT_ROUTING,LAGOS_NGR,Mobile_App,0.82
26-Oct-2022,9025.23,OTHER_MERCHANT_ROUTING,LAGOS_NGR,Mobile_App,0.15
14-Aug-2025,1000.0,OTHER_MERCHANT_ROUTING,LAGOS_NGR,OneBank_App,0.15
21-Aug-2025,10000.0,OTHER_MERCHANT_ROUTING,LAGOS_NGR,OneBank_App,0.15
22-Aug-2025,50.0,OTHER_MERCHANT_ROUTING,LAGOS_NGR,Mobile_App,0.15
14-Aug-2025,20756.97,OTHER_MERCHANT_ROUTING,LAGOS_NGR,POS_Terminal,0.15
22-Aug-2025,3000.0,OTHER_MERCHANT_ROUTING,LAGOS_NGR,OneBank_App,0.15
26-Oct-2022,3400.0,OTHER_MERCHANT_ROUTING,LAGOS_NGR,POS_Terminal,0.15
22-Aug-2025,45000.0,OTHER_MERCHANT_ROUTING,LAGOS_NGR,OneBank_App,0.15
14-Aug-2025,8000.0,OTHER_MERCHANT_ROUTING,LAGOS_NGR,OneBank_App,0.15
18-Aug-2025,1000.0,OTHER_MERCHANT_ROUTING,LAGOS_NGR,OneBank_App,0.15
18-Aug-2025,16020.0,OTHER_MERCHANT_ROUTING,LAGOS_NGR,POS_Terminal,0.15
18-Aug-2025,50.0,OTHER_MERCHANT_ROUTING,LAGOS_NGR,Mobile_App,0.15
18-Aug-2025,17400.0,OTHER_MERCHANT_ROUTING,LAGOS_NGR,POS_Terminal,0.15
18-Aug-2025,5000.0,OTHER_MERCHANT_ROUTING,LAGOS_NGR,POS_Terminal,0.15
17-Aug-2025,20000.0,OTHER_MERCHANT_ROUTING,LAGOS_NGR,OneBank_App,0.15
19-Aug-2025,25000.0,OTHER_MERCHANT_ROUTING,LAGOS_NGR,OneBank_App,0.15
20-Aug-2025,4000.0,OTHER_MERCHANT_ROUTING,LAGOS_NGR,OneBank_App,0.15
13-Aug-2025,100.0,OTHER_MERCHANT_ROUTING,LAGOS_NGR,Mobile_App,0.15
26-Oct-2022,20000.0,OTHER_MERCHANT_ROUTING,LAGOS_NGR,Mobile_App,0.15
16-Aug-2025,7000.0,OTHER_MERCHANT_ROUTING,LAGOS_NGR,OneBank_App,0.15
15-Aug-2025,23440.0,OTHER_MERCHANT_ROUTING,LAGOS_NGR,POS_Terminal,0.15
21-Aug-2025,10000.0,OTHER_MERCHANT_ROUTING,LAGOS_NGR,OneBank_App,0.15
15-Aug-2025,8700.0,OTHER_MERCHANT_ROUTING,LAGOS_NGR,POS_Terminal,0.15
14-Aug-2025,7000.0,OTHER_MERCHANT_ROUTING,LAGOS_NGR,OneBank_App,0.15
21-Aug-2025,22000.0,OTHER_MERCHANT_ROUTING,LAGOS_NGR,OneBank_App,0.15
14-Aug-2025,5100.0,OTHER_MERCHANT_ROUTING,LAGOS_NGR,POS_Terminal,0.15
17-Aug-2025,50000.0,OTHER_MERCHANT_ROUTING,LAGOS_NGR,Mobile_App,0.15
25-Jul-2025,8000.0,OTHER_MERCHANT_ROUTING,LAGOS_NGR,OneBank_App,0.15
25-Jul-2025,9025.23,OTHER_MERCHANT_ROUTING,LAGOS_NGR,Web_Portal,0.15
24-Jul-2025,6000.0,OTHER_MERCHANT_ROUTING,LAGOS_NGR,OneBank_App,0.15
23-Jul-2025,50.0,OTHER_MERCHANT_ROUTING,LAGOS_NGR,Mobile_App,0.15
22-Jul-2025,4700.0,OTHER_MERCHANT_ROUTING,LAGOS_NGR,OneBank_App,0.15
22-Jul-2025,40000.0,OTHER_MERCHANT_ROUTING,LAGOS_NGR,OneBank_App,0.15
22-Jul-2025,4400.0,VANGUARD_PHARMACY,LAGOS_NGR,POS_Terminal,0.15
22-Jul-2025,2600.0,OTHER_MERCHANT_ROUTING,LAGOS_NGR,POS_Terminal,0.15
22-Jul-2025,30000.0,OTHER_MERCHANT_ROUTING,LAGOS_NGR,Mobile_App,0.15
21-Jul-2025,50.0,OTHER_MERCHANT_ROUTING,LAGOS_NGR,Mobile_App,0.15
23-Aug-2025,5100.0,OTHER_MERCHANT_ROUTING,LAGOS_NGR,POS_Terminal,0.15
18-Jul-2025,5100.0,OTHER_MERCHANT_ROUTING,LAGOS_NGR,POS_Terminal,0.15
18-Jul-2025,5980.0,OTHER_MERCHANT_ROUTING,LAGOS_NGR,POS_Terminal,0.15
18-Jul-2025,8750.0,OTHER_MERCHANT_ROUTING,LAGOS_NGR,POS_Terminal,0.15
17-Jul-2025,10000.0,OTHER_MERCHANT_ROUTING,LAGOS_NGR,OneBank_App,0.15
17-Jul-2025,10000.0,OTHER_MERCHANT_ROUTING,LAGOS_NGR,OneBank_App,0.15
17-Jul-2025,20000.0,OTHER_MERCHANT_ROUTING,LAGOS_NGR,OneBank_App,0.15
16-Jul-2025,5000.0,OTHER_MERCHANT_ROUTING,LAGOS_NGR,OneBank_App,0.15
15-Jul-2025,1000.0,OTHER_MERCHANT_ROUTING,LAGOS_NGR,OneBank_App,0.15
15-Jul-2025,100.0,OTHER_MERCHANT_ROUTING,LAGOS_NGR,Mobile_App,0.15
14-Jul-2025,10000.0,OTHER_MERCHANT_ROUTING,LAGOS_NGR,OneBank_App,0.15
14-Jul-2025,3800.0,OTHER_MERCHANT_ROUTING,LAGOS_NGR,OneBank_App,0.15
20-Jul-2025,60000.0,OTHER_MERCHANT_ROUTING,LAGOS_NGR,Mobile_App,0.15
28-Oct-2022,5000.0,OTHER_MERCHANT_ROUTING,LAGOS_NGR,OneBank_App,0.15
28-Oct-2022,3.75,OTHER_MERCHANT_ROUTING,LAGOS_NGR,OneBank_App,0.15
09-Aug-2025,4700.0,OTHER_MERCHANT_ROUTING,LAGOS_NGR,OneBank_App,0.15
08-Aug-2025,5000.0,OTHER_MERCHANT_ROUTING,LAGOS_NGR,OneBank_App,0.15
08-Aug-2025,2700.0,OTHER_MERCHANT_ROUTING,LAGOS_NGR,POS_Terminal,0.15
08-Aug-2025,6400.0,OTHER_MERCHANT_ROUTING,LAGOS_NGR,POS_Terminal,0.15
06-Aug-2025,5000.0,OTHER_MERCHANT_ROUTING,LAGOS_NGR,POS_Terminal,0.15
05-Aug-2025,5000.0,OTHER_MERCHANT_ROUTING,LAGOS_NGR,POS_Terminal,0.15
05-Aug-2025,10000.0,OTHER_MERCHANT_ROUTING,LAGOS_NGR,OneBank_App,0.15
04-Aug-2025,5000.0,OTHER_MERCHANT_ROUTING,LAGOS_NGR,OneBank_App,0.15
25-Jul-2025,15838.55,OTHER_MERCHANT_ROUTING,LAGOS_NGR,POS_Terminal,0.15
03-Aug-2025,20000.0,OTHER_MERCHANT_ROUTING,LAGOS_NGR,OneBank_App,0.15
03-Aug-2025,10000.0,OTHER_MERCHANT_ROUTING,LAGOS_NGR,OneBank_App,0.15
02-Aug-2025,50.0,OTHER_MERCHANT_ROUTING,LAGOS_NGR,Mobile_App,0.15
04-Nov-2022,680.0,VANGUARD_PHARMACY,LAGOS_NGR,POS_Terminal,0.15
01-Aug-2025,5000.0,OTHER_MERCHANT_ROUTING,LAGOS_NGR,OneBank_App,0.15
01-Aug-2025,20000.0,OTHER_MERCHANT_ROUTING,LAGOS_NGR,OneBank_App,0.15
29-Jul-2025,50.0,OTHER_MERCHANT_ROUTING,LAGOS_NGR,Mobile_App,0.15
28-Jul-2025,15000.0,OTHER_MERCHANT_ROUTING,LAGOS_NGR,Web_Portal,0.15
26-Jul-2025,20000.0,OTHER_MERCHANT_ROUTING,LAGOS_NGR,OneBank_App,0.15
25-Jul-2025,1000.0,OTHER_MERCHANT_ROUTING,LAGOS_NGR,OneBank_App,0.15
25-Jul-2025,8500.0,VANGUARD_PHARMACY,LAGOS_NGR,POS_Terminal,0.15
04-Aug-2025,14886.0,OTHER_MERCHANT_ROUTING,LAGOS_NGR,OneBank_App,0.15
10-Oct-2025,20000.0,OTHER_MERCHANT_ROUTING,LAGOS_NGR,OneBank_App,0.15
04-Oct-2022,1200.0,OTHER_MERCHANT_ROUTING,LAGOS_NGR,POS_Terminal,0.15
09-Oct-2025,3380.0,OTHER_MERCHANT_ROUTING,LAGOS_NGR,POS_Terminal,0.15
06-Oct-2025,1400.0,OTHER_MERCHANT_ROUTING,LAGOS_NGR,POS_Terminal,0.15
05-Oct-2025,50.0,OTHER_MERCHANT_ROUTING,LAGOS_NGR,Mobile_App,0.15
04-Oct-2025,8700.0,OTHER_MERCHANT_ROUTING,LAGOS_NGR,POS_Terminal,0.15
03-Oct-2025,2000.0,OTHER_MERCHANT_ROUTING,LAGOS_NGR,Mobile_App,0.15
03-Oct-2025,15000.0,OTHER_MERCHANT_ROUTING,LAGOS_NGR,Mobile_App,0.15
10-Oct-2022,1265.0,VANGUARD_PHARMACY,LAGOS_NGR,POS_Terminal,0.15
29-Sep-2025,20000.0,OTHER_MERCHANT_ROUTING,LAGOS_NGR,OneBank_App,0.15
27-Sep-2025,10000.0,OTHER_MERCHANT_ROUTING,LAGOS_NGR,OneBank_App,0.15
28-Aug-2025,8000.0,OTHER_MERCHANT_ROUTING,LAGOS_NGR,OneBank_App,0.15
26-Sep-2025,43440.0,OTHER_MERCHANT_ROUTING,LAGOS_NGR,POS_Terminal,0.15
26-Sep-2025,20295.0,VANGUARD_PHARMACY,LAGOS_NGR,POS_Terminal,0.15
25-Sep-2025,5000.0,OTHER_MERCHANT_ROUTING,LAGOS_NGR,OneBank_App,0.15
25-Sep-2025,5200.0,OTHER_MERCHANT_ROUTING,LAGOS_NGR,OneBank_App,0.15
25-Sep-2025,1000.0,OTHER_MERCHANT_ROUTING,LAGOS_NGR,OneBank_App,0.15
25-Sep-2025,1000.0,OTHER_MERCHANT_ROUTING,LAGOS_NGR,OneBank_App,0.15
26-Oct-2022,20000.0,OTHER_MERCHANT_ROUTING,LAGOS_NGR,Mobile_App,0.15
25-Sep-2025,9025.23,OTHER_MERCHANT_ROUTING,LAGOS_NGR,Mobile_App,0.15
25-Sep-2025,6000.0,OTHER_MERCHANT_ROUTING,LAGOS_NGR,OneBank_App,0.15
22-Sep-2025,9528.0,OTHER_MERCHANT_ROUTING,LAGOS_NGR,POS_Terminal,0.15
22-Sep-2025,4500.0,OTHER_MERCHANT_ROUTING,LAGOS_NGR,POS_Terminal,0.15
26-Sep-2025,50.0,OTHER_MERCHANT_ROUTING,LAGOS_NGR,Mobile_App,0.15
24-Oct-2025,34270.23,OTHER_MERCHANT_ROUTING,LAGOS_NGR,Mobile_App,0.15
20-Oct-2025,3500.0,OTHER_MERCHANT_ROUTING,LAGOS_NGR,OneBank_App,0.15
20-Oct-2025,25000.0,OTHER_MERCHANT_ROUTING,LAGOS_NGR,OneBank_App,0.15
19-Oct-2025,1000.0,OTHER_MERCHANT_ROUTING,LAGOS_NGR,OneBank_App,0.15
17-Oct-2025,25000.0,OTHER_MERCHANT_ROUTING,LAGOS_NGR,OneBank_App,0.15
16-Oct-2025,12442.0,OTHER_MERCHANT_ROUTING,LAGOS_NGR,POS_Terminal,0.15
16-Oct-2025,50.0,OTHER_MERCHANT_ROUTING,LAGOS_NGR,Mobile_App,0.15
16-Oct-2025,5200.0,OTHER_MERCHANT_ROUTING,LAGOS_NGR,OneBank_App,0.15
16-Oct-2025,9000.0,OTHER_MERCHANT_ROUTING,LAGOS_NGR,OneBank_App,0.15
27-Sep-2022,1715.0,VANGUARD_PHARMACY,LAGOS_NGR,POS_Terminal,0.15
15-Oct-2025,10000.0,OTHER_MERCHANT_ROUTING,LAGOS_NGR,OneBank_App,0.15
10-Oct-2025,61000.0,OTHER_MERCHANT_ROUTING,LAGOS_NGR,OneBank_App,0.15
15-Oct-2025,50.0,OTHER_MERCHANT_ROUTING,LAGOS_NGR,Mobile_App,0.15
29-Sep-2022,0.52,OTHER_MERCHANT_ROUTING,LAGOS_NGR,USSD,0.15
15-Oct-2025,50.0,OTHER_MERCHANT_ROUTING,LAGOS_NGR,Mobile_App,0.15
15-Oct-2025,4000.0,OTHER_MERCHANT_ROUTING,LAGOS_NGR,OneBank_App,0.15
13-Oct-2025,1000.0,OTHER_MERCHANT_ROUTING,LAGOS_NGR,OneBank_App,0.15
13-Oct-2025,20000.0,OTHER_MERCHANT_ROUTING,LAGOS_NGR,OneBank_App,0.15
11-Oct-2025,40000.0,OTHER_MERCHANT_ROUTING,LAGOS_NGR,Mobile_App,0.15
11-Oct-2025,8750.0,OTHER_MERCHANT_ROUTING,LAGOS_NGR,POS_Terminal,0.15
11-Oct-2025,7600.0,OTHER_MERCHANT_ROUTING,LAGOS_NGR,OneBank_App,0.15
11-Oct-2025,5100.0,OTHER_MERCHANT_ROUTING,LAGOS_NGR,POS_Terminal,0.15
04-Oct-2022,0.52,OTHER_MERCHANT_ROUTING,LAGOS_NGR,USSD,0.15
15-Oct-2025,5000.0,OTHER_MERCHANT_ROUTING,LAGOS_NGR,OneBank_App,0.15
30-Aug-2025,1000.0,OTHER_MERCHANT_ROUTING,LAGOS_NGR,OneBank_App,0.15
29-Aug-2025,50.0,OTHER_MERCHANT_ROUTING,LAGOS_NGR,Mobile_App,0.15
29-Aug-2025,3207.5,OTHER_MERCHANT_ROUTING,LAGOS_NGR,Mobile_App,0.15
29-Aug-2025,5000.0,OTHER_MERCHANT_ROUTING,LAGOS_NGR,OneBank_App,0.15
28-Aug-2025,5100.0,OTHER_MERCHANT_ROUTING,LAGOS_NGR,POS_Terminal,0.15
28-Aug-2025,15000.0,OTHER_MERCHANT_ROUTING,LAGOS_NGR,Web_Portal,0.15
14-Jul-2025,21809.0,OTHER_MERCHANT_ROUTING,LAGOS_NGR,POS_Terminal,0.15
28-Aug-2025,20000.0,OTHER_MERCHANT_ROUTING,LAGOS_NGR,OneBank_App,0.15
27-Aug-2025,4000.0,OTHER_MERCHANT_ROUTING,LAGOS_NGR,OneBank_App,0.15
27-Aug-2025,4000.0,OTHER_MERCHANT_ROUTING,LAGOS_NGR,OneBank_App,0.15
27-Aug-2025,5200.0,OTHER_MERCHANT_ROUTING,LAGOS_NGR,OneBank_App,0.15
19-Sep-2025,11771.0,OTHER_MERCHANT_ROUTING,LAGOS_NGR,POS_Terminal,0.15
27-Aug-2025,50.0,OTHER_MERCHANT_ROUTING,LAGOS_NGR,Mobile_App,0.15
27-Aug-2025,5000.0,OTHER_MERCHANT_ROUTING,LAGOS_NGR,OneBank_App,0.15
27-Aug-2025,9999.0,OTHER_MERCHANT_ROUTING,LAGOS_NGR,POS_Terminal,0.15
26-Aug-2025,10000.0,OTHER_MERCHANT_ROUTING,LAGOS_NGR,OneBank_App,0.15
26-Oct-2022,12000.0,OTHER_MERCHANT_ROUTING,LAGOS_NGR,Mobile_App,0.15
26-Aug-2025,9025.23,OTHER_MERCHANT_ROUTING,LAGOS_NGR,Mobile_App,0.15
26-Aug-2025,6000.0,OTHER_MERCHANT_ROUTING,LAGOS_NGR,POS_Terminal,0.15
26-Aug-2025,3500.0,OTHER_MERCHANT_ROUTING,LAGOS_NGR,OneBank_App,0.15
25-Aug-2025,6000.0,OTHER_MERCHANT_ROUTING,LAGOS_NGR,OneBank_App,0.15
23-Aug-2025,4000.0,OTHER_MERCHANT_ROUTING,LAGOS_NGR,POS_Terminal,0.15
23-Aug-2025,3200.0,OTHER_MERCHANT_ROUTING,LAGOS_NGR,POS_Terminal,0.15
27-Aug-2025,27549.0,OTHER_MERCHANT_ROUTING,LAGOS_NGR,POS_Terminal,0.15
14-Sep-2025,5000.0,OTHER_MERCHANT_ROUTING,LAGOS_NGR,POS_Terminal,0.15
13-Sep-2025,5000.0,OTHER_MERCHANT_ROUTING,LAGOS_NGR,OneBank_App,0.15
13-Sep-2025,5200.0,OTHER_MERCHANT_ROUTING,LAGOS_NGR,OneBank_App,0.15
13-Sep-2025,5000.0,OTHER_MERCHANT_ROUTING,LAGOS_NGR,OneBank_App,0.15
13-Sep-2025,2000.0,OTHER_MERCHANT_ROUTING,LAGOS_NGR,Mobile_App,0.15
12-Sep-2025,6000.0,OTHER_MERCHANT_ROUTING,LAGOS_NGR,OneBank_App,0.15
12-Sep-2025,13870.0,OTHER_MERCHANT_ROUTING,LAGOS_NGR,POS_Terminal,0.15
12-Sep-2025,10000.0,OTHER_MERCHANT_ROUTING,LAGOS_NGR,OneBank_App,0.15
11-Sep-2025,100.0,OTHER_MERCHANT_ROUTING,LAGOS_NGR,Mobile_App,0.15
10-Sep-2025,12000.0,OTHER_MERCHANT_ROUTING,LAGOS_NGR,OneBank_App,0.15
10-Sep-2025,50000.0,OTHER_MERCHANT_ROUTING,LAGOS_NGR,OneBank_App,0.15
30-Aug-2025,2000.0,OTHER_MERCHANT_ROUTING,LAGOS_NGR,OneBank_App,0.15
10-Sep-2025,50000.0,OTHER_MERCHANT_ROUTING,LAGOS_NGR,Mobile_App,0.15
09-Sep-2025,17200.0,OTHER_MERCHANT_ROUTING,LAGOS_NGR,POS_Terminal,0.15
08-Sep-2025,100.0,OTHER_MERCHANT_ROUTING,LAGOS_NGR,Mobile_App,0.15
08-Sep-2025,3000.0,OTHER_MERCHANT_ROUTING,LAGOS_NGR,OneBank_App,0.15
07-Sep-2025,14505.77,OTHER_MERCHANT_ROUTING,LAGOS_NGR,POS_Terminal,0.15
07-Sep-2025,8500.0,OTHER_MERCHANT_ROUTING,LAGOS_NGR,OneBank_App,0.15
07-Sep-2025,20000.0,OTHER_MERCHANT_ROUTING,LAGOS_NGR,Mobile_App,0.15
07-Sep-2025,20000.0,OTHER_MERCHANT_ROUTING,LAGOS_NGR,Mobile_App,0.15
06-Sep-2025,50.0,OTHER_MERCHANT_ROUTING,LAGOS_NGR,Mobile_App,0.15
26-Oct-2022,5000.0,OTHER_MERCHANT_ROUTING,LAGOS_NGR,Mobile_App,0.15
31-Aug-2025,20000.0,OTHER_MERCHANT_ROUTING,LAGOS_NGR,OneBank_App,0.15
26-Oct-2022,10000.0,OTHER_MERCHANT_ROUTING,LAGOS_NGR,Mobile_App,0.15
27-Apr-2025,1000.0,OTHER_MERCHANT_ROUTING,LAGOS_NGR,OneBank_App,0.15
25-Apr-2025,9025.23,OTHER_MERCHANT_ROUTING,LAGOS_NGR,Web_Portal,0.15
24-Apr-2025,3500.0,OTHER_MERCHANT_ROUTING,LAGOS_NGR,POS_Terminal,0.15
24-Apr-2025,5650.0,OTHER_MERCHANT_ROUTING,LAGOS_NGR,POS_Terminal,0.15
24-Apr-2025,5100.0,OTHER_MERCHANT_ROUTING,LAGOS_NGR,POS_Terminal,0.15
22-Apr-2025,11006.11,OTHER_MERCHANT_ROUTING,LAGOS_NGR,POS_Terminal,0.15
22-Apr-2025,50.0,OTHER_MERCHANT_ROUTING,LAGOS_NGR,Mobile_App,0.15
20-Apr-2025,31000.0,OTHER_MERCHANT_ROUTING,LAGOS_NGR,OneBank_App,0.15
18-Apr-2025,20000.0,OTHER_MERCHANT_ROUTING,LAGOS_NGR,Mobile_App,0.15
16-Apr-2025,3500.0,OTHER_MERCHANT_ROUTING,LAGOS_NGR,OneBank_App,0.15
16-Apr-2025,1000.0,OTHER_MERCHANT_ROUTING,LAGOS_NGR,OneBank_App,0.15
23-Oct-2025,16465.0,OTHER_MERCHANT_ROUTING,LAGOS_NGR,POS_Terminal,0.15
15-Apr-2025,5500.0,OTHER_MERCHANT_ROUTING,LAGOS_NGR,OneBank_App,0.15
14-Apr-2025,50.0,OTHER_MERCHANT_ROUTING,LAGOS_NGR,Mobile_App,0.15
14-Apr-2025,50.0,OTHER_MERCHANT_ROUTING,LAGOS_NGR,Mobile_App,0.15
13-Apr-2025,70000.0,OTHER_MERCHANT_ROUTING,LAGOS_NGR,OneBank_App,0.15
13-Apr-2025,5500.0,OTHER_MERCHANT_ROUTING,LAGOS_NGR,OneBank_App,0.15
13-Apr-2025,70000.0,OTHER_MERCHANT_ROUTING,LAGOS_NGR,Mobile_App,0.15
11-Apr-2025,20000.0,OTHER_MERCHANT_ROUTING,LAGOS_NGR,OneBank_App,0.15
11-Apr-2025,5000.0,OTHER_MERCHANT_ROUTING,LAGOS_NGR,OneBank_App,0.15
14-Dec-2022,15000.0,OTHER_MERCHANT_ROUTING,LAGOS_NGR,Mobile_App,0.15
11-Apr-2025,10000.0,OTHER_MERCHANT_ROUTING,LAGOS_NGR,OneBank_App,0.15
10-Apr-2025,10993.0,OTHER_MERCHANT_ROUTING,LAGOS_NGR,POS_Terminal,0.15
15-Apr-2025,12000.0,OTHER_MERCHANT_ROUTING,LAGOS_NGR,OneBank_App,0.15
13-May-2025,11000.0,OTHER_MERCHANT_ROUTING,LAGOS_NGR,OneBank_App,0.15
12-May-2025,25000.0,OTHER_MERCHANT_ROUTING,LAGOS_NGR,OneBank_App,0.15
11-May-2025,3500.0,OTHER_MERCHANT_ROUTING,LAGOS_NGR,OneBank_App,0.15
11-May-2025,1000.0,OTHER_MERCHANT_ROUTING,LAGOS_NGR,OneBank_App,0.15
10-May-2025,3500.0,OTHER_MERCHANT_ROUTING,LAGOS_NGR,OneBank_App,0.15
10-May-2025,10000.0,OTHER_MERCHANT_ROUTING,LAGOS_NGR,OneBank_App,0.15
10-May-2025,40000.0,OTHER_MERCHANT_ROUTING,LAGOS_NGR,OneBank_App,0.15
10-May-2025,50000.0,OTHER_MERCHANT_ROUTING,LAGOS_NGR,OneBank_App,0.15
01-Dec-2022,1000.0,OTHER_MERCHANT_ROUTING,LAGOS_NGR,POS_Terminal,0.15
10-May-2025,5000.0,OTHER_MERCHANT_ROUTING,LAGOS_NGR,OneBank_App,0.15
10-May-2025,5100.0,OTHER_MERCHANT_ROUTING,LAGOS_NGR,POS_Terminal,0.15
28-Apr-2025,6200.0,OTHER_MERCHANT_ROUTING,LAGOS_NGR,OneBank_App,0.15
05-Dec-2022,1340.0,VANGUARD_PHARMACY,LAGOS_NGR,POS_Terminal,0.15
09-May-2025,2400.0,VANGUARD_PHARMACY,LAGOS_NGR,OneBank_App,0.15
09-May-2025,8900.0,OTHER_MERCHANT_ROUTING,LAGOS_NGR,POS_Terminal,0.15
08-May-2025,5000.0,OTHER_MERCHANT_ROUTING,LAGOS_NGR,OneBank_App,0.15
06-May-2025,50.0,OTHER_MERCHANT_ROUTING,LAGOS_NGR,Mobile_App,0.15
05-May-2025,15800.0,OTHER_MERCHANT_ROUTING,LAGOS_NGR,OneBank_App,0.15
04-May-2025,30000.0,OTHER_MERCHANT_ROUTING,LAGOS_NGR,Mobile_App,0.15
02-May-2025,3500.0,OTHER_MERCHANT_ROUTING,LAGOS_NGR,OneBank_App,0.15
30-Apr-2025,50.0,OTHER_MERCHANT_ROUTING,LAGOS_NGR,Mobile_App,0.15
28-Apr-2025,26299.0,OTHER_MERCHANT_ROUTING,LAGOS_NGR,OneBank_App,0.15
28-Apr-2025,40000.0,OTHER_MERCHANT_ROUTING,LAGOS_NGR,Mobile_App,0.15
10-May-2025,29342.81,OTHER_MERCHANT_ROUTING,LAGOS_NGR,POS_Terminal,0.15
22-Dec-2022,5000.0,OTHER_MERCHANT_ROUTING,LAGOS_NGR,Mobile_App,0.15
25-Feb-2025,6000.0,OTHER_MERCHANT_ROUTING,LAGOS_NGR,OneBank_App,0.15
25-Feb-2025,4486.77,OTHER_MERCHANT_ROUTING,LAGOS_NGR,POS_Terminal,0.15
25-Feb-2025,5100.0,OTHER_MERCHANT_ROUTING,LAGOS_NGR,POS_Terminal,0.15
25-Feb-2025,9390.0,OTHER_MERCHANT_ROUTING,LAGOS_NGR,POS_Terminal,0.15
23-Feb-2025,12200.0,OTHER_MERCHANT_ROUTING,LAGOS_NGR,POS_Terminal,0.15
23-Feb-2025,20000.0,OTHER_MERCHANT_ROUTING,LAGOS_NGR,POS_Terminal,0.15
23-Dec-2022,3000.0,OTHER_MERCHANT_ROUTING,LAGOS_NGR,Mobile_App,0.15
13-Feb-2025,50.0,OTHER_MERCHANT_ROUTING,LAGOS_NGR,Mobile_App,0.15
12-Feb-2025,50.0,OTHER_MERCHANT_ROUTING,LAGOS_NGR,Mobile_App,0.15
11-Feb-2025,10000.0,OTHER_MERCHANT_ROUTING,LAGOS_NGR,POS_Terminal,0.15
10-Apr-2025,9430.0,VANGUARD_PHARMACY,LAGOS_NGR,OneBank_App,0.15
08-Feb-2025,30000.0,OTHER_MERCHANT_ROUTING,LAGOS_NGR,Mobile_App,0.15
23-Dec-2022,3000.0,OTHER_MERCHANT_ROUTING,LAGOS_NGR,POS_Terminal,0.15
31-Jan-2025,200.0,OTHER_MERCHANT_ROUTING,LAGOS_NGR,Mobile_App,0.15
29-Jan-2025,2240.0,OTHER_MERCHANT_ROUTING,LAGOS_NGR,POS_Terminal,0.15
28-Jan-2025,2500.0,OTHER_MERCHANT_ROUTING,LAGOS_NGR,POS_Terminal,0.15
28-Jan-2025,4150.0,OTHER_MERCHANT_ROUTING,LAGOS_NGR,POS_Terminal,0.15
23-Dec-2022,4600.0,OTHER_MERCHANT_ROUTING,LAGOS_NGR,POS_Terminal,0.15
23-Dec-2022,8740.0,OTHER_MERCHANT_ROUTING,LAGOS_NGR,POS_Terminal,0.15
27-Jan-2025,20000.0,OTHER_MERCHANT_ROUTING,LAGOS_NGR,OneBank_App,0.15
27-Jan-2025,9025.23,OTHER_MERCHANT_ROUTING,LAGOS_NGR,Web_Portal,0.15
15-Jan-2025,500.0,OTHER_MERCHANT_ROUTING,LAGOS_NGR,Mobile_App,0.15
11-Feb-2025,50000.0,OTHER_MERCHANT_ROUTING,LAGOS_NGR,Mobile_App,0.15
09-Apr-2025,1000.0,OTHER_MERCHANT_ROUTING,LAGOS_NGR,OneBank_App,0.15
09-Apr-2025,18058.0,OTHER_MERCHANT_ROUTING,LAGOS_NGR,OneBank_App,0.15
07-Apr-2025,10800.0,OTHER_MERCHANT_ROUTING,LAGOS_NGR,OneBank_App,0.15
07-Apr-2025,50.0,OTHER_MERCHANT_ROUTING,LAGOS_NGR,Mobile_App,0.15
07-Apr-2025,8000.0,OTHER_MERCHANT_ROUTING,LAGOS_NGR,OneBank_App,0.15
14-Dec-2022,15000.0,OTHER_MERCHANT_ROUTING,LAGOS_NGR,Mobile_App,0.15
21-Dec-2022,9025.23,OTHER_MERCHANT_ROUTING,LAGOS_NGR,Mobile_App,0.15
04-Apr-2025,1000.0,OTHER_MERCHANT_ROUTING,LAGOS_NGR,OneBank_App,0.15
03-Apr-2025,3500.0,OTHER_MERCHANT_ROUTING,LAGOS_NGR,OneBank_App,0.15
03-Apr-2025,50.0,OTHER_MERCHANT_ROUTING,LAGOS_NGR,Mobile_App,0.15
22-Dec-2022,15000.0,OTHER_MERCHANT_ROUTING,LAGOS_NGR,Mobile_App,0.15
22-Dec-2022,10000.0,OTHER_MERCHANT_ROUTING,LAGOS_NGR,Mobile_App,0.15
31-Mar-2025,6307.5,OTHER_MERCHANT_ROUTING,LAGOS_NGR,Mobile_App,0.15
31-Mar-2025,21400.0,OTHER_MERCHANT_ROUTING,LAGOS_NGR,Mobile_App,0.15
28-Mar-2025,73.9,OTHER_MERCHANT_ROUTING,LAGOS_NGR,Mobile_App,0.15
27-Mar-2025,50.0,OTHER_MERCHANT_ROUTING,LAGOS_NGR,Mobile_App,0.15
25-Mar-2025,50000.0,OTHER_MERCHANT_ROUTING,LAGOS_NGR,Mobile_App,0.15
25-Mar-2025,9025.23,OTHER_MERCHANT_ROUTING,LAGOS_NGR,Web_Portal,0.15
22-Dec-2022,10000.0,OTHER_MERCHANT_ROUTING,LAGOS_NGR,Mobile_App,0.15
10-Mar-2025,4750.0,OTHER_MERCHANT_ROUTING,LAGOS_NGR,POS_Terminal,0.15
06-Mar-2025,2407.5,OTHER_MERCHANT_ROUTING,LAGOS_NGR,Mobile_App,0.15
06-Mar-2025,3535.0,OTHER_MERCHANT_ROUTING,LAGOS_NGR,POS_Terminal,0.15
01-Mar-2025,9999.0,OTHER_MERCHANT_ROUTING,LAGOS_NGR,POS_Terminal,0.15
26-Feb-2025,9025.23,OTHER_MERCHANT_ROUTING,LAGOS_NGR,Web_Portal,0.15
02-Apr-2025,5000.0,OTHER_MERCHANT_ROUTING,LAGOS_NGR,POS_Terminal,0.15
01-Jul-2025,4700.0,OTHER_MERCHANT_ROUTING,LAGOS_NGR,OneBank_App,0.15
01-Jul-2025,50000.0,OTHER_MERCHANT_ROUTING,LAGOS_NGR,Mobile_App,0.15
01-Jul-2025,10000.0,OTHER_MERCHANT_ROUTING,LAGOS_NGR,OneBank_App,0.15
01-Jul-2025,9025.23,OTHER_MERCHANT_ROUTING,LAGOS_NGR,Mobile_App,0.15
01-Jul-2025,50.0,OTHER_MERCHANT_ROUTING,LAGOS_NGR,Mobile_App,0.15
14-Nov-2022,1510.0,OTHER_MERCHANT_ROUTING,LAGOS_NGR,POS_Terminal,0.15
14-Nov-2022,1690.0,VANGUARD_PHARMACY,LAGOS_NGR,POS_Terminal,0.15
29-Jun-2025,15000.0,OTHER_MERCHANT_ROUTING,LAGOS_NGR,OneBank_App,0.15
14-Nov-2022,2050.0,OTHER_MERCHANT_ROUTING,LAGOS_NGR,POS_Terminal,0.15
28-Jun-2025,49000.0,OTHER_MERCHANT_ROUTING,LAGOS_NGR,OneBank_App,0.15
28-Jun-2025,40000.0,OTHER_MERCHANT_ROUTING,LAGOS_NGR,OneBank_App,0.15
13-May-2025,1000.0,OTHER_MERCHANT_ROUTING,LAGOS_NGR,OneBank_App,0.15
27-Jun-2025,5100.0,OTHER_MERCHANT_ROUTING,LAGOS_NGR,POS_Terminal,0.15
25-Jun-2025,5000.0,OTHER_MERCHANT_ROUTING,LAGOS_NGR,OneBank_App,0.15
24-Jun-2025,16096.0,OTHER_MERCHANT_ROUTING,LAGOS_NGR,POS_Terminal,0.15
24-Jun-2025,4200.0,VANGUARD_PHARMACY,LAGOS_NGR,POS_Terminal,0.15
24-Jun-2025,9250.0,OTHER_MERCHANT_ROUTING,LAGOS_NGR,POS_Terminal,0.15
23-Jun-2025,1000.0,OTHER_MERCHANT_ROUTING,LAGOS_NGR,OneBank_App,0.15
19-Jun-2025,31162.0,OTHER_MERCHANT_ROUTING,LAGOS_NGR,POS_Terminal,0.15
19-Jun-2025,5100.0,OTHER_MERCHANT_ROUTING,LAGOS_NGR,POS_Terminal,0.15
19-Jun-2025,1000.0,OTHER_MERCHANT_ROUTING,LAGOS_NGR,Mobile_App,0.15
17-Jun-2025,50.0,OTHER_MERCHANT_ROUTING,LAGOS_NGR,Mobile_App,0.15
17-Jun-2025,50.0,OTHER_MERCHANT_ROUTING,LAGOS_NGR,Mobile_App,0.15
27-Jun-2025,12850.0,VANGUARD_PHARMACY,LAGOS_NGR,POS_Terminal,0.15
14-Jul-2025,33380.0,OTHER_MERCHANT_ROUTING,LAGOS_NGR,POS_Terminal,0.15
14-Jul-2025,5100.0,OTHER_MERCHANT_ROUTING,LAGOS_NGR,POS_Terminal,0.15
14-Jul-2025,10000.0,OTHER_MERCHANT_ROUTING,LAGOS_NGR,OneBank_App,0.15
14-Jul-2025,8000.0,OTHER_MERCHANT_ROUTING,LAGOS_NGR,OneBank_App,0.15
14-Jul-2025,50000.0,OTHER_MERCHANT_ROUTING,LAGOS_NGR,OneBank_App,0.15
07-Nov-2022,3000.0,OTHER_MERCHANT_ROUTING,LAGOS_NGR,POS_Terminal,0.15
08-Nov-2022,1200.0,OTHER_MERCHANT_ROUTING,LAGOS_NGR,POS_Terminal,0.15
09-Nov-2022,10000.0,OTHER_MERCHANT_ROUTING,LAGOS_NGR,Mobile_App,0.15
10-Nov-2022,2280.0,OTHER_MERCHANT_ROUTING,LAGOS_NGR,POS_Terminal,0.15
13-Jul-2025,20000.0,OTHER_MERCHANT_ROUTING,LAGOS_NGR,OneBank_App,0.15
12-Jul-2025,7000.0,OTHER_MERCHANT_ROUTING,LAGOS_NGR,OneBank_App,0.15
01-Jul-2025,6625.0,VANGUARD_PHARMACY,LAGOS_NGR,POS_Terminal,0.15
11-Jul-2025,5100.0,OTHER_MERCHANT_ROUTING,LAGOS_NGR,POS_Terminal,0.15
11-Jul-2025,13500.0,OTHER_MERCHANT_ROUTING,LAGOS_NGR,OneBank_App,0.15
08-Jul-2025,16940.0,OTHER_MERCHANT_ROUTING,LAGOS_NGR,POS_Terminal,0.15
07-Jul-2025,4000.0,OTHER_MERCHANT_ROUTING,LAGOS_NGR,OneBank_App,0.15
06-Jul-2025,1000.0,OTHER_MERCHANT_ROUTING,LAGOS_NGR,OneBank_App,0.15
06-Jul-2025,5000.0,OTHER_MERCHANT_ROUTING,LAGOS_NGR,OneBank_App,0.15
05-Jul-2025,8000.0,OTHER_MERCHANT_ROUTING,LAGOS_NGR,OneBank_App,0.15
04-Jul-2025,50.0,OTHER_MERCHANT_ROUTING,LAGOS_NGR,Mobile_App,0.15
03-Jul-2025,12415.0,OTHER_MERCHANT_ROUTING,LAGOS_NGR,POS_Terminal,0.15
03-Jul-2025,15000.0,OTHER_MERCHANT_ROUTING,LAGOS_NGR,Mobile_App,0.15
02-Jul-2025,50.0,OTHER_MERCHANT_ROUTING,LAGOS_NGR,Mobile_App,0.15
02-Jul-2025,20000.0,OTHER_MERCHANT_ROUTING,LAGOS_NGR,OneBank_App,0.15
12-Jul-2025,2000.0,OTHER_MERCHANT_ROUTING,LAGOS_NGR,OneBank_App,0.15
02-Jun-2025,13800.0,OTHER_MERCHANT_ROUTING,LAGOS_NGR,OneBank_App,0.15
02-Jun-2025,41000.0,OTHER_MERCHANT_ROUTING,LAGOS_NGR,OneBank_App,0.15
25-Nov-2022,9025.23,OTHER_MERCHANT_ROUTING,LAGOS_NGR,Mobile_App,0.15
25-Nov-2022,5000.0,OTHER_MERCHANT_ROUTING,LAGOS_NGR,POS_Terminal,0.15
01-Jun-2025,5000.0,OTHER_MERCHANT_ROUTING,LAGOS_NGR,OneBank_App,0.15
30-May-2025,15000.0,OTHER_MERCHANT_ROUTING,LAGOS_NGR,Mobile_App,0.15
29-May-2025,3107.5,OTHER_MERCHANT_ROUTING,LAGOS_NGR,Mobile_App,0.15
28-May-2025,10000.0,OTHER_MERCHANT_ROUTING,LAGOS_NGR,OneBank_App,0.15
26-May-2025,50.0,OTHER_MERCHANT_ROUTING,LAGOS_NGR,Mobile_App,0.15
26-May-2025,9025.23,OTHER_MERCHANT_ROUTING,LAGOS_NGR,Mobile_App,0.15
25-May-2025,4500.0,OTHER_MERCHANT_ROUTING,LAGOS_NGR,OneBank_App,0.15
17-Jun-2025,20000.0,OTHER_MERCHANT_ROUTING,LAGOS_NGR,OneBank_App,0.15
25-May-2025,40401.0,OTHER_MERCHANT_ROUTING,LAGOS_NGR,POS_Terminal,0.15
25-May-2025,17800.0,OTHER_MERCHANT_ROUTING,LAGOS_NGR,POS_Terminal,0.15
28-Nov-2022,3230.0,VANGUARD_PHARMACY,LAGOS_NGR,POS_Terminal,0.15
24-May-2025,1000.0,OTHER_MERCHANT_ROUTING,LAGOS_NGR,OneBank_App,0.15
24-May-2025,100.0,OTHER_MERCHANT_ROUTING,LAGOS_NGR,Mobile_App,0.15
21-May-2025,15000.0,OTHER_MERCHANT_ROUTING,LAGOS_NGR,OneBank_App,0.15
21-May-2025,3500.0,OTHER_MERCHANT_ROUTING,LAGOS_NGR,OneBank_App,0.15
20-May-2025,10000.0,OTHER_MERCHANT_ROUTING,LAGOS_NGR,OneBank_App,0.15
16-May-2025,8310.0,OTHER_MERCHANT_ROUTING,LAGOS_NGR,POS_Terminal,0.15
16-May-2025,6307.5,OTHER_MERCHANT_ROUTING,LAGOS_NGR,Mobile_App,0.15
30-Nov-2022,1775.0,VANGUARD_PHARMACY,LAGOS_NGR,POS_Terminal,0.15
25-May-2025,5100.0,OTHER_MERCHANT_ROUTING,LAGOS_NGR,POS_Terminal,0.15
16-Jun-2025,15500.0,OTHER_MERCHANT_ROUTING,LAGOS_NGR,OneBank_App,0.15
16-Jun-2025,1000.0,OTHER_MERCHANT_ROUTING,LAGOS_NGR,OneBank_App,0.15
16-Jun-2025,2000.0,OTHER_MERCHANT_ROUTING,LAGOS_NGR,OneBank_App,0.15
16-Jun-2025,5000.0,OTHER_MERCHANT_ROUTING,LAGOS_NGR,OneBank_App,0.15
16-Jun-2025,50000.0,OTHER_MERCHANT_ROUTING,LAGOS_NGR,OneBank_App,0.15
16-Jun-2025,20000.0,OTHER_MERCHANT_ROUTING,LAGOS_NGR,OneBank_App,0.15
16-Jun-2025,10000.0,OTHER_MERCHANT_ROUTING,LAGOS_NGR,OneBank_App,0.15
16-Nov-2022,5000.0,OTHER_MERCHANT_ROUTING,LAGOS_NGR,Mobile_App,0.15
13-Jun-2025,8800.0,OTHER_MERCHANT_ROUTING,LAGOS_NGR,POS_Terminal,0.15
12-Jun-2025,30000.0,OTHER_MERCHANT_ROUTING,LAGOS_NGR,OneBank_App,0.15
12-Jun-2025,30000.0,OTHER_MERCHANT_ROUTING,LAGOS_NGR,Mobile_App,0.15
02-Jun-2025,1000.0,OTHER_MERCHANT_ROUTING,LAGOS_NGR,Mobile_App,0.15
17-Nov-2022,3000.0,OTHER_MERCHANT_ROUTING,LAGOS_NGR,Mobile_App,0.15
10-Jun-2025,18171.0,OTHER_MERCHANT_ROUTING,LAGOS_NGR,POS_Terminal,0.15
10-Jun-2025,3600.0,OTHER_MERCHANT_ROUTING,LAGOS_NGR,OneBank_App,0.15
09-Jun-2025,5000.0,OTHER_MERCHANT_ROUTING,LAGOS_NGR,OneBank_App,0.15
08-Jun-2025,5000.0,OTHER_MERCHANT_ROUTING,LAGOS_NGR,OneBank_App,0.15
07-Jun-2025,31960.0,OTHER_MERCHANT_ROUTING,LAGOS_NGR,POS_Terminal,0.15
07-Jun-2025,6480.0,OTHER_MERCHANT_ROUTING,LAGOS_NGR,POS_Terminal,0.15
04-Jun-2025,16230.0,OTHER_MERCHANT_ROUTING,LAGOS_NGR,POS_Terminal,0.15
03-Jun-2025,100.0,OTHER_MERCHANT_ROUTING,LAGOS_NGR,Mobile_App,0.15
03-Jun-2025,50.0,OTHER_MERCHANT_ROUTING,LAGOS_NGR,Mobile_App,0.15
02-Jun-2025,20000.0,OTHER_MERCHANT_ROUTING,LAGOS_NGR,OneBank_App,0.15
02-Jun-2025,6600.0,OTHER_MERCHANT_ROUTING,LAGOS_NGR,OneBank_App,0.15
16-Nov-2022,1300.0,VANGUARD_PHARMACY,LAGOS_NGR,POS_Terminal,0.15
30-May-2022,3000.0,OTHER_MERCHANT_ROUTING,LAGOS_NGR,POS_Terminal,0.15
27-Mar-2026,85000.0,OTHER_MERCHANT_ROUTING,LAGOS_NGR,OneBank_App,0.15
10-Jun-2022,1800.0,VANGUARD_PHARMACY,LAGOS_NGR,POS_Terminal,0.15
27-Mar-2026,26000.0,OTHER_MERCHANT_ROUTING,LAGOS_NGR,OneBank_App,0.15
27-Mar-2026,40000.0,OTHER_MERCHANT_ROUTING,LAGOS_NGR,Mobile_App,0.15
24-Jun-2022,9025.23,OTHER_MERCHANT_ROUTING,LAGOS_NGR,Mobile_App,0.15
27-Mar-2026,59000.0,OTHER_MERCHANT_ROUTING,LAGOS_NGR,OneBank_App,0.15
27-Mar-2026,35000.0,OTHER_MERCHANT_ROUTING,LAGOS_NGR,OneBank_App,0.15
27-Mar-2026,90000.0,OTHER_MERCHANT_ROUTING,LAGOS_NGR,Mobile_App,0.15
27-Jun-2022,4750.0,VANGUARD_PHARMACY,LAGOS_NGR,POS_Terminal,0.15
29-Jun-2022,2000.0,OTHER_MERCHANT_ROUTING,LAGOS_NGR,Mobile_App,0.15
30-Oct-2025,50.0,OTHER_MERCHANT_ROUTING,LAGOS_NGR,Mobile_App,0.15
26-Mar-2026,15000.0,OTHER_MERCHANT_ROUTING,LAGOS_NGR,OneBank_App,0.15
30-Jun-2022,2.05,OTHER_MERCHANT_ROUTING,LAGOS_NGR,Mobile_App,0.15
25-Mar-2026,10000.0,OTHER_MERCHANT_ROUTING,LAGOS_NGR,OneBank_App,0.15
25-Mar-2026,5000.0,OTHER_MERCHANT_ROUTING,LAGOS_NGR,OneBank_App,0.15
01-Jul-2022,950.0,OTHER_MERCHANT_ROUTING,LAGOS_NGR,POS_Terminal,0.15
25-Mar-2026,10000.0,OTHER_MERCHANT_ROUTING,LAGOS_NGR,OneBank_App,0.15
24-Mar-2026,25000.0,OTHER_MERCHANT_ROUTING,LAGOS_NGR,Mobile_App,0.15
24-Mar-2026,15000.0,OTHER_MERCHANT_ROUTING,LAGOS_NGR,Mobile_App,0.15
01-Jul-2022,1200.0,OTHER_MERCHANT_ROUTING,LAGOS_NGR,Mobile_App,0.15
24-Mar-2026,32000.0,OTHER_MERCHANT_ROUTING,LAGOS_NGR,OneBank_App,0.15
24-Mar-2026,34270.23,OTHER_MERCHANT_ROUTING,LAGOS_NGR,Web_Portal,0.15
29-Jun-2022,0.75,OTHER_MERCHANT_ROUTING,LAGOS_NGR,Mobile_App,0.15
09-May-2022,500.0,NOMIWORLD_LTD,LAGOS_NGR,Mobile_App,0.15
10-May-2022,3.75,OTHER_MERCHANT_ROUTING,LAGOS_NGR,Mobile_App,0.15
08-Apr-2026,3500.0,OTHER_MERCHANT_ROUTING,LAGOS_NGR,OneBank_App,0.15
10-May-2022,800.0,VANGUARD_PHARMACY,LAGOS_NGR,POS_Terminal,0.15
06-Apr-2026,10000.0,OTHER_MERCHANT_ROUTING,LAGOS_NGR,OneBank_App,0.15
06-Apr-2026,15000.0,OTHER_MERCHANT_ROUTING,LAGOS_NGR,Mobile_App,0.15
16-May-2022,800.0,VANGUARD_PHARMACY,LAGOS_NGR,POS_Terminal,0.15
04-Apr-2026,35000.0,OTHER_MERCHANT_ROUTING,LAGOS_NGR,OneBank_App,0.15
04-Apr-2026,35000.0,OTHER_MERCHANT_ROUTING,LAGOS_NGR,Mobile_App,0.15
02-Apr-2026,3500.0,OTHER_MERCHANT_ROUTING,LAGOS_NGR,OneBank_App,0.15
02-Apr-2026,3500.0,OTHER_MERCHANT_ROUTING,LAGOS_NGR,OneBank_App,0.15
27-Mar-2026,20000.0,OTHER_MERCHANT_ROUTING,LAGOS_NGR,OneBank_App,0.15
16-May-2022,600.0,VANGUARD_PHARMACY,LAGOS_NGR,POS_Terminal,0.15
29-Mar-2026,10000.0,OTHER_MERCHANT_ROUTING,LAGOS_NGR,OneBank_App,0.15
28-Mar-2026,1000.0,OTHER_MERCHANT_ROUTING,LAGOS_NGR,OneBank_App,0.15
25-May-2022,9025.23,OTHER_MERCHANT_ROUTING,LAGOS_NGR,Mobile_App,0.15
26-May-2022,3000.0,OTHER_MERCHANT_ROUTING,LAGOS_NGR,Mobile_App,0.15
26-May-2022,3000.0,OTHER_MERCHANT_ROUTING,LAGOS_NGR,POS_Terminal,0.15
28-Mar-2026,15000.0,OTHER_MERCHANT_ROUTING,LAGOS_NGR,OneBank_App,0.15
28-Mar-2026,5000.0,OTHER_MERCHANT_ROUTING,LAGOS_NGR,OneBank_App,0.15
26-May-2022,2580.0,VANGUARD_PHARMACY,LAGOS_NGR,POS_Terminal,0.15
27-Mar-2026,18000.0,OTHER_MERCHANT_ROUTING,LAGOS_NGR,Mobile_App,0.15
30-May-2022,1607.5,OTHER_MERCHANT_ROUTING,LAGOS_NGR,Mobile_App,0.15
30-Mar-2026,2500.0,OTHER_MERCHANT_ROUTING,LAGOS_NGR,OneBank_App,0.15
25-Jul-2022,9025.23,OTHER_MERCHANT_ROUTING,LAGOS_NGR,Mobile_App,0.15
25-Feb-2026,20000.0,OTHER_MERCHANT_ROUTING,LAGOS_NGR,OneBank_App,0.15
25-Feb-2026,11074.0,OTHER_MERCHANT_ROUTING,LAGOS_NGR,POS_Terminal,0.15
25-Feb-2026,34270.23,OTHER_MERCHANT_ROUTING,LAGOS_NGR,Web_Portal,0.15
21-Feb-2026,2562.42,OTHER_MERCHANT_ROUTING,LAGOS_NGR,Mobile_App,0.15
20-Feb-2026,9000.0,OTHER_MERCHANT_ROUTING,LAGOS_NGR,OneBank_App,0.15
20-Feb-2026,500.0,OTHER_MERCHANT_ROUTING,LAGOS_NGR,OneBank_App,0.15
20-Feb-2026,4000.0,OTHER_MERCHANT_ROUTING,LAGOS_NGR,OneBank_App,0.15
25-Jul-2022,2500.0,OTHER_MERCHANT_ROUTING,LAGOS_NGR,Mobile_App,0.15
17-Feb-2026,10000.0,OTHER_MERCHANT_ROUTING,LAGOS_NGR,OneBank_App,0.15
17-Feb-2026,50000.0,OTHER_MERCHANT_ROUTING,LAGOS_NGR,OneBank_App,0.15
18-Mar-2026,2500.0,OTHER_MERCHANT_ROUTING,LAGOS_NGR,OneBank_App,0.15
26-Jul-2022,2580.0,VANGUARD_PHARMACY,LAGOS_NGR,POS_Terminal,0.15
26-Jul-2022,1635.0,OTHER_MERCHANT_ROUTING,LAGOS_NGR,POS_Terminal,0.15
26-Jul-2022,1200.0,NOMIWORLD_LTD,LAGOS_NGR,Mobile_App,0.15
15-Feb-2026,10000.0,OTHER_MERCHANT_ROUTING,LAGOS_NGR,OneBank_App,0.15
15-Feb-2026,10000.0,OTHER_MERCHANT_ROUTING,LAGOS_NGR,OneBank_App,0.15
15-Feb-2026,30000.0,OTHER_MERCHANT_ROUTING,LAGOS_NGR,Mobile_App,0.15
15-Feb-2026,5200.0,OTHER_MERCHANT_ROUTING,LAGOS_NGR,OneBank_App,0.15
15-Feb-2026,5000.0,OTHER_MERCHANT_ROUTING,LAGOS_NGR,OneBank_App,0.15
05-Aug-2022,1607.5,OTHER_MERCHANT_ROUTING,LAGOS_NGR,Mobile_App,0.15
15-Aug-2022,25000.0,OTHER_MERCHANT_ROUTING,LAGOS_NGR,Mobile_App,0.15
16-Aug-2022,2107.5,OTHER_MERCHANT_ROUTING,LAGOS_NGR,Mobile_App,0.15
25-Jul-2022,0.75,OTHER_MERCHANT_ROUTING,LAGOS_NGR,Mobile_App,0.15
17-Mar-2026,1000.0,OTHER_MERCHANT_ROUTING,LAGOS_NGR,OneBank_App,0.15
17-Mar-2026,5000.0,OTHER_MERCHANT_ROUTING,LAGOS_NGR,OneBank_App,0.15
17-Mar-2026,10000.0,OTHER_MERCHANT_ROUTING,LAGOS_NGR,Mobile_App,0.15
16-Mar-2026,3850.0,OTHER_MERCHANT_ROUTING,LAGOS_NGR,Web_Portal,0.15
16-Mar-2026,51.0,OTHER_MERCHANT_ROUTING,LAGOS_NGR,Web_Portal,0.15
16-Mar-2026,3000.0,OTHER_MERCHANT_ROUTING,LAGOS_NGR,Mobile_App,0.15
15-Mar-2026,6000.0,OTHER_MERCHANT_ROUTING,LAGOS_NGR,OneBank_App,0.15
10-Mar-2026,8000.0,OTHER_MERCHANT_ROUTING,LAGOS_NGR,Mobile_App,0.15
10-Mar-2026,5200.0,OTHER_MERCHANT_ROUTING,LAGOS_NGR,OneBank_App,0.15
10-Mar-2026,5000.0,OTHER_MERCHANT_ROUTING,LAGOS_NGR,OneBank_App,0.15
10-Mar-2026,3500.0,OTHER_MERCHANT_ROUTING,LAGOS_NGR,Mobile_App,0.15
15-Jul-2022,1600.0,VANGUARD_PHARMACY,LAGOS_NGR,POS_Terminal,0.15
04-Mar-2026,2000.0,OTHER_MERCHANT_ROUTING,LAGOS_NGR,POS_Terminal,0.15
04-Mar-2026,10000.0,OTHER_MERCHANT_ROUTING,LAGOS_NGR,OneBank_App,0.15
01-Jul-2022,0.75,OTHER_MERCHANT_ROUTING,LAGOS_NGR,Mobile_App,0.15
02-Mar-2026,10000.0,OTHER_MERCHANT_ROUTING,LAGOS_NGR,Mobile_App,0.15
02-Mar-2026,10000.0,OTHER_MERCHANT_ROUTING,LAGOS_NGR,Mobile_App,0.15
13-Jul-2022,2000.0,OTHER_MERCHANT_ROUTING,LAGOS_NGR,Mobile_App,0.15
02-Mar-2026,10000.0,OTHER_MERCHANT_ROUTING,LAGOS_NGR,OneBank_App,0.15
13-Jul-2022,1607.5,OTHER_MERCHANT_ROUTING,LAGOS_NGR,Mobile_App,0.15
28-Feb-2026,10000.0,OTHER_MERCHANT_ROUTING,LAGOS_NGR,OneBank_App,0.15
14-Jul-2022,1607.5,OTHER_MERCHANT_ROUTING,LAGOS_NGR,Mobile_App,0.15
28-Feb-2026,10000.0,OTHER_MERCHANT_ROUTING,LAGOS_NGR,OneBank_App,0.15
28-Feb-2026,30000.0,OTHER_MERCHANT_ROUTING,LAGOS_NGR,Mobile_App,0.15
07-Mar-2026,4107.5,OTHER_MERCHANT_ROUTING,LAGOS_NGR,Mobile_App,0.15
04-Mar-2022,1000.0,OTHER_MERCHANT_ROUTING,LAGOS_NGR,POS_Terminal,0.15
01-Mar-2022,1490.0,VANGUARD_PHARMACY,LAGOS_NGR,POS_Terminal,0.15
28-Feb-2022,1.21,OTHER_MERCHANT_ROUTING,LAGOS_NGR,Mobile_App,0.15
28-Feb-2022,2528.4,VANGUARD_PHARMACY,LAGOS_NGR,POS_Terminal,0.15
25-Feb-2022,9025.23,OTHER_MERCHANT_ROUTING,LAGOS_NGR,POS_Terminal,0.15
27-Jan-2022,568.4,VANGUARD_PHARMACY,LAGOS_NGR,POS_Terminal,0.15
25-Jan-2022,2528.0,VANGUARD_PHARMACY,LAGOS_NGR,POS_Terminal,0.15
11-May-2026,10000.0,OTHER_MERCHANT_ROUTING,LAGOS_NGR,OneBank_App,0.15
25-Jan-2022,5000.0,OTHER_MERCHANT_ROUTING,LAGOS_NGR,POS_Terminal,0.15
11-May-2026,10000.0,OTHER_MERCHANT_ROUTING,LAGOS_NGR,OneBank_App,0.15
11-May-2026,5000.0,OTHER_MERCHANT_ROUTING,LAGOS_NGR,OneBank_App,0.15
09-May-2022,1200.0,NOMIWORLD_LTD,LAGOS_NGR,Mobile_App,0.15
11-May-2026,10000.0,OTHER_MERCHANT_ROUTING,LAGOS_NGR,OneBank_App,0.15
12-May-2026,14900.0,OTHER_MERCHANT_ROUTING,LAGOS_NGR,OneBank_App,0.15
12-May-2026,1000.0,OTHER_MERCHANT_ROUTING,LAGOS_NGR,Mobile_App,0.15
12-May-2026,60500.0,OTHER_MERCHANT_ROUTING,LAGOS_NGR,OneBank_App,0.15
11-May-2026,20000.0,OTHER_MERCHANT_ROUTING,LAGOS_NGR,OneBank_App,0.15
11-May-2026,3000.0,OTHER_MERCHANT_ROUTING,LAGOS_NGR,Mobile_App,0.15
11-May-2026,20000.0,OTHER_MERCHANT_ROUTING,LAGOS_NGR,OneBank_App,0.15
12-May-2026,22000.0,OTHER_MERCHANT_ROUTING,LAGOS_NGR,OneBank_App,0.15
11-May-2026,20000.0,OTHER_MERCHANT_ROUTING,LAGOS_NGR,OneBank_App,0.15
11-May-2026,20000.0,OTHER_MERCHANT_ROUTING,LAGOS_NGR,OneBank_App,0.15
13-May-2026,1000.0,OTHER_MERCHANT_ROUTING,LAGOS_NGR,OneBank_App,0.15
11-May-2026,10000.0,OTHER_MERCHANT_ROUTING,LAGOS_NGR,OneBank_App,0.15
29-Mar-2022,500.0,NOMIWORLD_LTD,LAGOS_NGR,Mobile_App,0.15
11-May-2026,2000.0,OTHER_MERCHANT_ROUTING,LAGOS_NGR,OneBank_App,0.15
11-May-2026,1000.0,OTHER_MERCHANT_ROUTING,LAGOS_NGR,OneBank_App,0.15
11-May-2026,19337.73,OTHER_MERCHANT_ROUTING,LAGOS_NGR,POS_Terminal,0.15
11-May-2026,26400.0,OTHER_MERCHANT_ROUTING,LAGOS_NGR,POS_Terminal,0.15
11-May-2026,5100.0,OPAY_FUND_TRANSFER,LAGOS_NGR,POS_Terminal,0.15
11-May-2026,10000.0,OTHER_MERCHANT_ROUTING,LAGOS_NGR,OneBank_App,0.15
03-Feb-2022,568.4,VANGUARD_PHARMACY,LAGOS_NGR,POS_Terminal,0.15
11-May-2026,20000.0,OTHER_MERCHANT_ROUTING,LAGOS_NGR,OneBank_App,0.15
16-May-2026,7840.0,OTHER_MERCHANT_ROUTING,LAGOS_NGR,POS_Terminal,0.15
11-May-2026,20000.0,OTHER_MERCHANT_ROUTING,LAGOS_NGR,OneBank_App,0.15
04-Mar-2022,1612.1,VANGUARD_PHARMACY,LAGOS_NGR,POS_Terminal,0.15
11-May-2026,10000.0,OTHER_MERCHANT_ROUTING,LAGOS_NGR,OneBank_App,0.15
19-Jan-2022,1000.0,NOMIWORLD_LTD,LAGOS_NGR,Mobile_App,0.15
31-Jan-2022,3.75,OTHER_MERCHANT_ROUTING,LAGOS_NGR,Mobile_App,0.15
28-Mar-2022,1607.5,OTHER_MERCHANT_ROUTING,LAGOS_NGR,Mobile_App,0.15
28-Mar-2022,2974.3,VANGUARD_PHARMACY,LAGOS_NGR,POS_Terminal,0.15
21-Jan-2022,1274.0,VANGUARD_PHARMACY,LAGOS_NGR,POS_Terminal,0.15
28-Mar-2022,3405.5,VANGUARD_PHARMACY,LAGOS_NGR,POS_Terminal,0.15
25-Mar-2022,9025.23,OTHER_MERCHANT_ROUTING,LAGOS_NGR,POS_Terminal,0.15
07-Mar-2022,1000.0,NOMIWORLD_LTD,LAGOS_NGR,Mobile_App,0.15
24-Jan-2022,9025.23,OTHER_MERCHANT_ROUTING,LAGOS_NGR,POS_Terminal,0.15
07-Mar-2022,1200.0,NOMIWORLD_LTD,LAGOS_NGR,Mobile_App,0.15
18-Jan-2022,1000.0,NOMIWORLD_LTD,LAGOS_NGR,Mobile_App,0.15
03-May-2026,5000.0,OTHER_MERCHANT_ROUTING,LAGOS_NGR,OneBank_App,0.15
03-May-2026,15000.0,OTHER_MERCHANT_ROUTING,LAGOS_NGR,Mobile_App,0.15
02-May-2026,5000.0,OTHER_MERCHANT_ROUTING,LAGOS_NGR,OneBank_App,0.15
29-Apr-2026,5500.0,OTHER_MERCHANT_ROUTING,LAGOS_NGR,OneBank_App,0.15
28-Apr-2026,10000.0,OTHER_MERCHANT_ROUTING,LAGOS_NGR,Mobile_App,0.15
27-Apr-2026,5075.0,OTHER_MERCHANT_ROUTING,LAGOS_NGR,OneBank_App,0.15
27-Apr-2026,5000.0,OTHER_MERCHANT_ROUTING,LAGOS_NGR,OneBank_App,0.15
28-Apr-2022,3107.5,OTHER_MERCHANT_ROUTING,LAGOS_NGR,Mobile_App,0.15
27-Apr-2026,25000.0,OTHER_MERCHANT_ROUTING,LAGOS_NGR,OneBank_App,0.15
27-Apr-2026,30000.0,OTHER_MERCHANT_ROUTING,LAGOS_NGR,Mobile_App,0.15
25-Apr-2026,5500.0,OTHER_MERCHANT_ROUTING,LAGOS_NGR,OneBank_App,0.15
11-May-2026,20000.0,OTHER_MERCHANT_ROUTING,LAGOS_NGR,OneBank_App,0.15
28-Apr-2022,2500.0,OTHER_MERCHANT_ROUTING,LAGOS_NGR,Mobile_App,0.15
24-Apr-2026,25000.0,OTHER_MERCHANT_ROUTING,LAGOS_NGR,OneBank_App,0.15
24-Apr-2026,34270.23,OTHER_MERCHANT_ROUTING,LAGOS_NGR,Web_Portal,0.15
22-Apr-2026,18229.0,OTHER_MERCHANT_ROUTING,LAGOS_NGR,POS_Terminal,0.15
22-Apr-2026,16100.0,OTHER_MERCHANT_ROUTING,LAGOS_NGR,Mobile_App,0.15
16-Apr-2026,3850.0,OTHER_MERCHANT_ROUTING,LAGOS_NGR,Web_Portal,0.15
16-Apr-2026,5000.0,OTHER_MERCHANT_ROUTING,LAGOS_NGR,OneBank_App,0.15
28-Apr-2022,0.75,OTHER_MERCHANT_ROUTING,LAGOS_NGR,Mobile_App,0.15
16-Apr-2026,12000.0,OTHER_MERCHANT_ROUTING,LAGOS_NGR,OneBank_App,0.15
16-Apr-2026,30000.0,OTHER_MERCHANT_ROUTING,LAGOS_NGR,Mobile_App,0.15
16-Apr-2026,2000.0,OTHER_MERCHANT_ROUTING,LAGOS_NGR,OneBank_App,0.15
24-Apr-2026,5000.0,OTHER_MERCHANT_ROUTING,LAGOS_NGR,OneBank_App,0.15
13-May-2026,60000.0,OTHER_MERCHANT_ROUTING,LAGOS_NGR,Mobile_App,0.15
11-May-2026,15000.0,OTHER_MERCHANT_ROUTING,LAGOS_NGR,OneBank_App,0.15
13-May-2026,50000.0,OTHER_MERCHANT_ROUTING,LAGOS_NGR,OneBank_App,0.15
11-May-2026,20000.0,OTHER_MERCHANT_ROUTING,LAGOS_NGR,OneBank_App,0.15
11-May-2026,20000.0,OTHER_MERCHANT_ROUTING,LAGOS_NGR,OneBank_App,0.15
15-May-2026,3850.0,OTHER_MERCHANT_ROUTING,LAGOS_NGR,Web_Portal,0.15
11-May-2026,20000.0,OTHER_MERCHANT_ROUTING,LAGOS_NGR,OneBank_App,0.15
11-May-2026,50000.0,OTHER_MERCHANT_ROUTING,LAGOS_NGR,OneBank_App,0.15
31-Mar-2022,372.8,OTHER_MERCHANT_ROUTING,LAGOS_NGR,POS_Terminal,0.15
11-May-2026,30000.0,OTHER_MERCHANT_ROUTING,LAGOS_NGR,OneBank_App,0.15
25-Apr-2022,9025.23,OTHER_MERCHANT_ROUTING,LAGOS_NGR,Mobile_App,0.15
03-May-2026,5300.0,OTHER_MERCHANT_ROUTING,LAGOS_NGR,OneBank_App,0.15
08-May-2026,5000.0,OTHER_MERCHANT_ROUTING,LAGOS_NGR,OneBank_App,0.15
07-May-2026,2500.0,OTHER_MERCHANT_ROUTING,LAGOS_NGR,OneBank_App,0.15
28-Apr-2022,3107.5,OTHER_MERCHANT_ROUTING,LAGOS_NGR,Mobile_App,0.15
28-Apr-2022,3107.5,OTHER_MERCHANT_ROUTING,LAGOS_NGR,Mobile_App,0.15
28-Apr-2022,3107.5,OTHER_MERCHANT_ROUTING,LAGOS_NGR,Mobile_App,0.15
06-May-2026,3000.0,OTHER_MERCHANT_ROUTING,LAGOS_NGR,Mobile_App,0.15
28-Apr-2022,3107.5,OTHER_MERCHANT_ROUTING,LAGOS_NGR,Mobile_App,0.15
06-May-2026,7045.0,OTHER_MERCHANT_ROUTING,LAGOS_NGR,OneBank_App,0.15
06-May-2026,20000.0,OTHER_MERCHANT_ROUTING,LAGOS_NGR,Mobile_App,0.15
06-May-2026,5400.0,OPAY_FUND_TRANSFER,LAGOS_NGR,POS_Terminal,0.15
05-May-2026,5075.0,OTHER_MERCHANT_ROUTING,LAGOS_NGR,OneBank_App,0.15
05-May-2026,10000.0,OTHER_MERCHANT_ROUTING,LAGOS_NGR,Web_Portal,0.15
11-May-2026,3000.0,OTHER_MERCHANT_ROUTING,LAGOS_NGR,OneBank_App,0.15
07-Dec-2025,1500.0,OTHER_MERCHANT_ROUTING,LAGOS_NGR,OneBank_App,0.15
06-Dec-2025,1000.0,OTHER_MERCHANT_ROUTING,LAGOS_NGR,OneBank_App,0.15
06-Dec-2025,1500.0,OTHER_MERCHANT_ROUTING,LAGOS_NGR,OneBank_App,0.15
05-Dec-2025,7000.0,OTHER_MERCHANT_ROUTING,LAGOS_NGR,OneBank_App,0.15
01-Dec-2025,9000.0,OTHER_MERCHANT_ROUTING,LAGOS_NGR,OneBank_App,0.15
01-Dec-2025,5000.0,OTHER_MERCHANT_ROUTING,LAGOS_NGR,OneBank_App,0.15
01-Dec-2025,12000.0,OTHER_MERCHANT_ROUTING,LAGOS_NGR,OneBank_App,0.15
29-Nov-2025,50.0,OTHER_MERCHANT_ROUTING,LAGOS_NGR,Mobile_App,0.15
28-Nov-2025,50.0,OTHER_MERCHANT_ROUTING,LAGOS_NGR,Mobile_App,0.15
28-Nov-2025,6000.0,OTHER_MERCHANT_ROUTING,LAGOS_NGR,OneBank_App,0.15
28-Nov-2025,5000.0,OTHER_MERCHANT_ROUTING,LAGOS_NGR,OneBank_App,0.15
11-Feb-2026,40000.0,OTHER_MERCHANT_ROUTING,LAGOS_NGR,OneBank_App,0.15
28-Nov-2025,50000.0,OTHER_MERCHANT_ROUTING,LAGOS_NGR,Mobile_App,0.15
28-Nov-2025,12000.0,OTHER_MERCHANT_ROUTING,LAGOS_NGR,POS_Terminal,0.15
28-Nov-2025,9050.0,OTHER_MERCHANT_ROUTING,LAGOS_NGR,POS_Terminal,0.15
28-Nov-2025,1000.0,OTHER_MERCHANT_ROUTING,LAGOS_NGR,OneBank_App,0.15
28-Nov-2025,5200.0,OTHER_MERCHANT_ROUTING,LAGOS_NGR,OneBank_App,0.15
27-Nov-2025,15000.0,OTHER_MERCHANT_ROUTING,LAGOS_NGR,OneBank_App,0.15
26-Sep-2022,0.52,OTHER_MERCHANT_ROUTING,LAGOS_NGR,USSD,0.15
27-Nov-2025,35000.0,OTHER_MERCHANT_ROUTING,LAGOS_NGR,OneBank_App,0.15
26-Nov-2025,20000.0,OTHER_MERCHANT_ROUTING,LAGOS_NGR,OneBank_App,0.15
26-Nov-2025,100.0,OTHER_MERCHANT_ROUTING,LAGOS_NGR,Mobile_App,0.15
26-Nov-2025,5000.0,OTHER_MERCHANT_ROUTING,LAGOS_NGR,OneBank_App,0.15
28-Nov-2025,15000.0,OTHER_MERCHANT_ROUTING,LAGOS_NGR,OneBank_App,0.15
21-Dec-2025,1000.0,OTHER_MERCHANT_ROUTING,LAGOS_NGR,OneBank_App,0.15
21-Dec-2025,20000.0,OTHER_MERCHANT_ROUTING,LAGOS_NGR,Mobile_App,0.15
21-Dec-2025,1000.0,OTHER_MERCHANT_ROUTING,LAGOS_NGR,OneBank_App,0.15
21-Dec-2025,89000.0,OTHER_MERCHANT_ROUTING,LAGOS_NGR,OneBank_App,0.15
20-Dec-2025,100.0,OTHER_MERCHANT_ROUTING,LAGOS_NGR,Mobile_App,0.15
20-Dec-2025,20000.0,OTHER_MERCHANT_ROUTING,LAGOS_NGR,OneBank_App,0.15
19-Dec-2025,30000.0,OTHER_MERCHANT_ROUTING,LAGOS_NGR,OneBank_App,0.15
19-Dec-2025,20000.0,OTHER_MERCHANT_ROUTING,LAGOS_NGR,OneBank_App,0.15
19-Dec-2025,20000.0,OTHER_MERCHANT_ROUTING,LAGOS_NGR,OneBank_App,0.15
19-Dec-2025,20000.0,OTHER_MERCHANT_ROUTING,LAGOS_NGR,OneBank_App,0.15
19-Dec-2025,20000.0,OTHER_MERCHANT_ROUTING,LAGOS_NGR,OneBank_App,0.15
08-Dec-2025,5100.0,OTHER_MERCHANT_ROUTING,LAGOS_NGR,OneBank_App,0.15
19-Dec-2025,10000.0,OTHER_MERCHANT_ROUTING,LAGOS_NGR,OneBank_App,0.15
19-Dec-2025,50000.0,OTHER_MERCHANT_ROUTING,LAGOS_NGR,OneBank_App,0.15
26-Sep-2022,0.52,OTHER_MERCHANT_ROUTING,LAGOS_NGR,USSD,0.15
19-Dec-2025,34270.23,OTHER_MERCHANT_ROUTING,LAGOS_NGR,Mobile_App,0.15
18-Dec-2025,5000.0,OTHER_MERCHANT_ROUTING,LAGOS_NGR,OneBank_App,0.15
17-Dec-2025,10000.0,OTHER_MERCHANT_ROUTING,LAGOS_NGR,Mobile_App,0.15
16-Dec-2025,9000.0,OTHER_MERCHANT_ROUTING,LAGOS_NGR,OneBank_App,0.15
11-Dec-2025,5200.0,OTHER_MERCHANT_ROUTING,LAGOS_NGR,OneBank_App,0.15
11-Dec-2025,32515.0,OTHER_MERCHANT_ROUTING,LAGOS_NGR,POS_Terminal,0.15
10-Dec-2025,50.0,OTHER_MERCHANT_ROUTING,LAGOS_NGR,Mobile_App,0.15
09-Dec-2025,50000.0,OTHER_MERCHANT_ROUTING,LAGOS_NGR,Mobile_App,0.15
19-Dec-2025,5000.0,OTHER_MERCHANT_ROUTING,LAGOS_NGR,OneBank_App,0.15
04-Nov-2025,2000.0,OTHER_MERCHANT_ROUTING,LAGOS_NGR,OneBank_App,0.15
31-Oct-2025,3000.0,OTHER_MERCHANT_ROUTING,LAGOS_NGR,OneBank_App,0.15
26-Sep-2022,0.52,OTHER_MERCHANT_ROUTING,LAGOS_NGR,USSD,0.15
31-Oct-2025,20000.0,OTHER_MERCHANT_ROUTING,LAGOS_NGR,OneBank_App,0.15
15-Jan-2025,1000.0,OTHER_MERCHANT_ROUTING,LAGOS_NGR,Mobile_App,0.15
29-Oct-2025,60000.0,OTHER_MERCHANT_ROUTING,LAGOS_NGR,Mobile_App,0.15
28-Oct-2025,1000.0,OTHER_MERCHANT_ROUTING,LAGOS_NGR,OneBank_App,0.15
28-Oct-2025,50.0,OTHER_MERCHANT_ROUTING,LAGOS_NGR,Mobile_App,0.15
27-Oct-2025,5100.0,OTHER_MERCHANT_ROUTING,LAGOS_NGR,POS_Terminal,0.15
27-Oct-2025,36539.0,OTHER_MERCHANT_ROUTING,LAGOS_NGR,POS_Terminal,0.15
27-Oct-2025,9000.0,OTHER_MERCHANT_ROUTING,LAGOS_NGR,OneBank_App,0.15
26-Nov-2025,10000.0,OTHER_MERCHANT_ROUTING,LAGOS_NGR,OneBank_App,0.15
27-Oct-2025,25000.0,OTHER_MERCHANT_ROUTING,LAGOS_NGR,OneBank_App,0.15
26-Sep-2022,9025.23,OTHER_MERCHANT_ROUTING,LAGOS_NGR,Mobile_App,0.15
26-Oct-2025,6000.0,OTHER_MERCHANT_ROUTING,LAGOS_NGR,OneBank_App,0.15
25-Oct-2025,100.0,OTHER_MERCHANT_ROUTING,LAGOS_NGR,Mobile_App,0.15
25-Oct-2025,5000.0,OTHER_MERCHANT_ROUTING,LAGOS_NGR,OneBank_App,0.15
25-Oct-2025,14000.0,OTHER_MERCHANT_ROUTING,LAGOS_NGR,OneBank_App,0.15
25-Oct-2025,10000.0,OTHER_MERCHANT_ROUTING,LAGOS_NGR,OneBank_App,0.15
24-Oct-2025,70000.0,OTHER_MERCHANT_ROUTING,LAGOS_NGR,OneBank_App,0.15
26-Sep-2022,5000.0,OTHER_MERCHANT_ROUTING,LAGOS_NGR,POS_Terminal,0.15
24-Oct-2025,5100.0,OPAY_FUND_TRANSFER,LAGOS_NGR,POS_Terminal,0.15
24-Oct-2025,22000.0,OTHER_MERCHANT_ROUTING,LAGOS_NGR,OneBank_App,0.15
27-Oct-2025,40000.0,OTHER_MERCHANT_ROUTING,LAGOS_NGR,OneBank_App,0.15
26-Nov-2025,9999.0,OTHER_MERCHANT_ROUTING,LAGOS_NGR,POS_Terminal,0.15
26-Nov-2025,7000.0,OTHER_MERCHANT_ROUTING,LAGOS_NGR,OneBank_App,0.15
26-Nov-2025,55000.0,OTHER_MERCHANT_ROUTING,LAGOS_NGR,OneBank_App,0.15
25-Nov-2025,34270.23,OTHER_MERCHANT_ROUTING,LAGOS_NGR,Mobile_App,0.15
25-Nov-2025,2700.0,OTHER_MERCHANT_ROUTING,LAGOS_NGR,POS_Terminal,0.15
25-Nov-2025,4680.0,VANGUARD_PHARMACY,LAGOS_NGR,POS_Terminal,0.15
25-Nov-2025,9000.0,OTHER_MERCHANT_ROUTING,LAGOS_NGR,OneBank_App,0.15
24-Nov-2025,50.0,OTHER_MERCHANT_ROUTING,LAGOS_NGR,Mobile_App,0.15
24-Nov-2025,4707.5,OTHER_MERCHANT_ROUTING,LAGOS_NGR,Mobile_App,0.15
23-Nov-2025,2000.0,OTHER_MERCHANT_ROUTING,LAGOS_NGR,OneBank_App,0.15
23-Nov-2025,20000.0,OTHER_MERCHANT_ROUTING,LAGOS_NGR,Mobile_App,0.15
04-Nov-2025,1000.0,OTHER_MERCHANT_ROUTING,LAGOS_NGR,OneBank_App,0.15
22-Nov-2025,9626.0,OTHER_MERCHANT_ROUTING,LAGOS_NGR,OneBank_App,0.15
20-Nov-2025,5100.0,OTHER_MERCHANT_ROUTING,LAGOS_NGR,POS_Terminal,0.15
20-Nov-2025,17755.0,OTHER_MERCHANT_ROUTING,LAGOS_NGR,POS_Terminal,0.15
18-Nov-2025,1000.0,OTHER_MERCHANT_ROUTING,LAGOS_NGR,OneBank_App,0.15
16-Nov-2025,6000.0,OTHER_MERCHANT_ROUTING,LAGOS_NGR,OneBank_App,0.15
15-Nov-2025,4000.0,OTHER_MERCHANT_ROUTING,LAGOS_NGR,OneBank_App,0.15
15-Nov-2025,50.0,OTHER_MERCHANT_ROUTING,LAGOS_NGR,Mobile_App,0.15
14-Nov-2025,40000.0,OTHER_MERCHANT_ROUTING,LAGOS_NGR,Mobile_App,0.15
11-Nov-2025,4000.0,OTHER_MERCHANT_ROUTING,LAGOS_NGR,POS_Terminal,0.15
10-Nov-2025,1000.0,OTHER_MERCHANT_ROUTING,LAGOS_NGR,OneBank_App,0.15
05-Nov-2025,12000.0,OTHER_MERCHANT_ROUTING,LAGOS_NGR,POS_Terminal,0.15
05-Nov-2025,5000.0,OTHER_MERCHANT_ROUTING,LAGOS_NGR,Mobile_App,0.15
23-Nov-2025,5000.0,OTHER_MERCHANT_ROUTING,LAGOS_NGR,OneBank_App,0.15
29-Jan-2026,9000.0,OTHER_MERCHANT_ROUTING,LAGOS_NGR,OneBank_App,0.15
28-Jan-2026,20000.0,OTHER_MERCHANT_ROUTING,LAGOS_NGR,Mobile_App,0.15
01-Sep-2022,10000.0,OTHER_MERCHANT_ROUTING,LAGOS_NGR,Mobile_App,0.15
28-Jan-2026,25000.0,OTHER_MERCHANT_ROUTING,LAGOS_NGR,OneBank_App,0.15
28-Jan-2026,10000.0,OTHER_MERCHANT_ROUTING,LAGOS_NGR,OneBank_App,0.15
28-Jan-2026,1000.0,OTHER_MERCHANT_ROUTING,LAGOS_NGR,OneBank_App,0.15
28-Jan-2026,2000.0,OTHER_MERCHANT_ROUTING,LAGOS_NGR,OneBank_App,0.15
02-Sep-2022,1080.0,OTHER_MERCHANT_ROUTING,LAGOS_NGR,POS_Terminal,0.15
28-Jan-2026,20000.0,OTHER_MERCHANT_ROUTING,LAGOS_NGR,OneBank_App,0.15
05-Sep-2022,5000.0,OTHER_MERCHANT_ROUTING,LAGOS_NGR,Mobile_App,0.15
28-Jan-2026,60000.0,OTHER_MERCHANT_ROUTING,LAGOS_NGR,OneBank_App,0.15
22-Dec-2025,50000.0,OTHER_MERCHANT_ROUTING,LAGOS_NGR,OneBank_App,0.15
28-Jan-2026,60000.0,OTHER_MERCHANT_ROUTING,LAGOS_NGR,Mobile_App,0.15
28-Jan-2026,6000.0,OTHER_MERCHANT_ROUTING,LAGOS_NGR,OneBank_App,0.15
27-Jan-2026,30000.0,OTHER_MERCHANT_ROUTING,LAGOS_NGR,OneBank_App,0.15
27-Jan-2026,34270.23,OTHER_MERCHANT_ROUTING,LAGOS_NGR,Web_Portal,0.15
05-Sep-2022,0.75,OTHER_MERCHANT_ROUTING,LAGOS_NGR,Mobile_App,0.15
26-Jan-2026,26000.0,OTHER_MERCHANT_ROUTING,LAGOS_NGR,OneBank_App,0.15
26-Jan-2026,30000.0,OTHER_MERCHANT_ROUTING,LAGOS_NGR,Mobile_App,0.15
25-Jan-2026,2400.0,OTHER_MERCHANT_ROUTING,LAGOS_NGR,OneBank_App,0.15
19-Jan-2026,2700.0,OTHER_MERCHANT_ROUTING,LAGOS_NGR,POS_Terminal,0.15
19-Jan-2026,9000.0,OTHER_MERCHANT_ROUTING,LAGOS_NGR,OneBank_App,0.15
19-Jan-2026,10000.0,OTHER_MERCHANT_ROUTING,LAGOS_NGR,Mobile_App,0.15
28-Jan-2026,60000.0,OTHER_MERCHANT_ROUTING,LAGOS_NGR,Mobile_App,0.15
16-Aug-2022,20000.0,OTHER_MERCHANT_ROUTING,LAGOS_NGR,Mobile_App,0.15
11-Feb-2026,20000.0,OTHER_MERCHANT_ROUTING,LAGOS_NGR,OneBank_App,0.15
11-Feb-2026,40000.0,OTHER_MERCHANT_ROUTING,LAGOS_NGR,Mobile_App,0.15
11-Feb-2026,6000.0,OTHER_MERCHANT_ROUTING,LAGOS_NGR,OneBank_App,0.15
11-Feb-2026,15000.0,OTHER_MERCHANT_ROUTING,LAGOS_NGR,OneBank_App,0.15
16-Aug-2022,1.88,OTHER_MERCHANT_ROUTING,LAGOS_NGR,Mobile_App,0.15
11-Feb-2026,20000.0,OTHER_MERCHANT_ROUTING,LAGOS_NGR,OneBank_App,0.15
18-Aug-2022,1460.0,OTHER_MERCHANT_ROUTING,LAGOS_NGR,POS_Terminal,0.15
19-Aug-2022,1100.0,OTHER_MERCHANT_ROUTING,LAGOS_NGR,POS_Terminal,0.15
26-Aug-2022,9025.23,OTHER_MERCHANT_ROUTING,LAGOS_NGR,Mobile_App,0.15
09-Feb-2026,5000.0,OTHER_MERCHANT_ROUTING,LAGOS_NGR,OneBank_App,0.15
30-Jan-2026,10000.0,OTHER_MERCHANT_ROUTING,LAGOS_NGR,OneBank_App,0.15
05-Feb-2026,10000.0,OTHER_MERCHANT_ROUTING,LAGOS_NGR,OneBank_App,0.15
29-Aug-2022,3650.0,VANGUARD_PHARMACY,LAGOS_NGR,POS_Terminal,0.15
05-Feb-2026,10000.0,OTHER_MERCHANT_ROUTING,LAGOS_NGR,OneBank_App,0.15
05-Feb-2026,40000.0,OTHER_MERCHANT_ROUTING,LAGOS_NGR,Mobile_App,0.15
29-Aug-2022,1200.0,VANGUARD_PHARMACY,LAGOS_NGR,POS_Terminal,0.15
29-Aug-2022,3200.0,OTHER_MERCHANT_ROUTING,LAGOS_NGR,Mobile_App,0.15
05-Feb-2026,2000.0,OTHER_MERCHANT_ROUTING,LAGOS_NGR,OneBank_App,0.15
04-Feb-2026,9000.0,OTHER_MERCHANT_ROUTING,LAGOS_NGR,OneBank_App,0.15
02-Feb-2026,10000.0,OTHER_MERCHANT_ROUTING,LAGOS_NGR,Mobile_App,0.15
31-Jan-2026,5000.0,OTHER_MERCHANT_ROUTING,LAGOS_NGR,OneBank_App,0.15
29-Aug-2022,0.75,OTHER_MERCHANT_ROUTING,LAGOS_NGR,Mobile_App,0.15
08-Feb-2026,2800.0,OTHER_MERCHANT_ROUTING,LAGOS_NGR,OneBank_App,0.15
31-Dec-2025,5100.0,OTHER_MERCHANT_ROUTING,LAGOS_NGR,POS_Terminal,0.15
31-Dec-2025,9000.0,OTHER_MERCHANT_ROUTING,LAGOS_NGR,OneBank_App,0.15
31-Dec-2025,50000.0,OTHER_MERCHANT_ROUTING,LAGOS_NGR,Mobile_App,0.15
29-Dec-2025,5410.0,OTHER_MERCHANT_ROUTING,LAGOS_NGR,POS_Terminal,0.15
29-Dec-2025,2000.0,OTHER_MERCHANT_ROUTING,LAGOS_NGR,POS_Terminal,0.15
29-Dec-2025,11000.0,OTHER_MERCHANT_ROUTING,LAGOS_NGR,OneBank_App,0.15
27-Dec-2025,50.0,OTHER_MERCHANT_ROUTING,LAGOS_NGR,Mobile_App,0.15
27-Dec-2025,1000.0,OTHER_MERCHANT_ROUTING,LAGOS_NGR,OneBank_App,0.15
27-Dec-2025,20000.0,OTHER_MERCHANT_ROUTING,LAGOS_NGR,OneBank_App,0.15
27-Dec-2025,2000.0,OTHER_MERCHANT_ROUTING,LAGOS_NGR,OneBank_App,0.15
27-Dec-2025,8500.0,OTHER_MERCHANT_ROUTING,LAGOS_NGR,OneBank_App,0.15
15-Jan-2026,5200.0,OTHER_MERCHANT_ROUTING,LAGOS_NGR,OneBank_App,0.15
25-Dec-2025,30700.0,OTHER_MERCHANT_ROUTING,LAGOS_NGR,OneBank_App,0.15
24-Dec-2025,2490.0,VANGUARD_PHARMACY,LAGOS_NGR,POS_Terminal,0.15
24-Dec-2025,5000.0,OTHER_MERCHANT_ROUTING,LAGOS_NGR,OneBank_App,0.15
23-Dec-2025,50.0,OTHER_MERCHANT_ROUTING,LAGOS_NGR,Mobile_App,0.15
22-Dec-2025,53439.41,OTHER_MERCHANT_ROUTING,LAGOS_NGR,OneBank_App,0.15
22-Dec-2025,53439.0,OTHER_MERCHANT_ROUTING,LAGOS_NGR,POS_Terminal,0.15
22-Dec-2025,53439.0,OTHER_MERCHANT_ROUTING,LAGOS_NGR,POS_Terminal,0.15
22-Dec-2025,100.0,OTHER_MERCHANT_ROUTING,LAGOS_NGR,Mobile_App,0.15
22-Dec-2025,9000.0,OTHER_MERCHANT_ROUTING,LAGOS_NGR,OneBank_App,0.15
26-Sep-2022,0.52,OTHER_MERCHANT_ROUTING,LAGOS_NGR,USSD,0.15
22-Dec-2025,2000.0,OTHER_MERCHANT_ROUTING,LAGOS_NGR,OneBank_App,0.15
26-Dec-2025,30000.0,OTHER_MERCHANT_ROUTING,LAGOS_NGR,Mobile_App,0.15
15-Jan-2026,10000.0,OTHER_MERCHANT_ROUTING,LAGOS_NGR,Mobile_App,0.15
14-Jan-2026,5200.0,OTHER_MERCHANT_ROUTING,LAGOS_NGR,OneBank_App,0.15
14-Jan-2026,1500.0,OTHER_MERCHANT_ROUTING,LAGOS_NGR,Mobile_App,0.15
11-Jan-2026,6000.0,OTHER_MERCHANT_ROUTING,LAGOS_NGR,OneBank_App,0.15
11-Jan-2026,10000.0,OTHER_MERCHANT_ROUTING,LAGOS_NGR,Mobile_App,0.15
05-Sep-2022,1300.0,VANGUARD_PHARMACY,LAGOS_NGR,POS_Terminal,0.15
11-Jan-2026,10592.08,OTHER_MERCHANT_ROUTING,LAGOS_NGR,Mobile_App,0.15
06-Sep-2022,1530.0,OTHER_MERCHANT_ROUTING,LAGOS_NGR,POS_Terminal,0.15
09-Jan-2026,10000.0,OTHER_MERCHANT_ROUTING,LAGOS_NGR,OneBank_App,0.15
06-Jan-2026,5700.0,OTHER_MERCHANT_ROUTING,LAGOS_NGR,OneBank_App,0.15
04-Jan-2026,2000.0,OTHER_MERCHANT_ROUTING,LAGOS_NGR,OneBank_App,0.15
31-Dec-2025,16060.0,OTHER_MERCHANT_ROUTING,LAGOS_NGR,POS_Terminal,0.15
04-Jan-2026,5000.0,OTHER_MERCHANT_ROUTING,LAGOS_NGR,OneBank_App,0.15
03-Jan-2026,1000.0,OTHER_MERCHANT_ROUTING,LAGOS_NGR,OneBank_App,0.15
03-Jan-2026,5100.0,OTHER_MERCHANT_ROUTING,LAGOS_NGR,POS_Terminal,0.15
03-Jan-2026,1350.0,OTHER_MERCHANT_ROUTING,LAGOS_NGR,POS_Terminal,0.15
03-Jan-2026,6600.0,OTHER_MERCHANT_ROUTING,LAGOS_NGR,POS_Terminal,0.15
07-Sep-2022,2000.0,OTHER_MERCHANT_ROUTING,LAGOS_NGR,POS_Terminal,0.15
03-Jan-2026,10000.0,OTHER_MERCHANT_ROUTING,LAGOS_NGR,OneBank_App,0.15
02-Jan-2026,10000.0,OTHER_MERCHANT_ROUTING,LAGOS_NGR,OneBank_App,0.15
02-Jan-2026,50000.0,OTHER_MERCHANT_ROUTING,LAGOS_NGR,Web_Portal,0.15
01-Jan-2026,50.0,OTHER_MERCHANT_ROUTING,LAGOS_NGR,Mobile_App,0.15
26-Sep-2022,0.52,OTHER_MERCHANT_ROUTING,LAGOS_NGR,USSD,0.15
31-Dec-2025,2200.0,OTHER_MERCHANT_ROUTING,LAGOS_NGR,POS_Terminal,0.15
04-Jan-2026,5000.0,OTHER_MERCHANT_ROUTING,LAGOS_NGR,OneBank_App,0.15
01-Jan-2024,1300.0,OTHER_MERCHANT_ROUTING,LAGOS_NGR,Mobile_App,0.15
01-Jan-2024,16000.0,OTHER_MERCHANT_ROUTING,LAGOS_NGR,POS_Terminal,0.15
01-Jan-2024,3663.0,OTHER_MERCHANT_ROUTING,LAGOS_NGR,Mobile_App,0.15
01-Jan-2024,17200.0,OTHER_MERCHANT_ROUTING,LAGOS_NGR,Mobile_App,0.15
11-Apr-2023,1000.0,OTHER_MERCHANT_ROUTING,LAGOS_NGR,Mobile_App,0.15
29-Dec-2023,10000.0,OTHER_MERCHANT_ROUTING,LAGOS_NGR,Mobile_App,0.15
28-Dec-2023,3.75,OTHER_MERCHANT_ROUTING,LAGOS_NGR,Mobile_App,0.15
11-Apr-2023,10000.0,OTHER_MERCHANT_ROUTING,LAGOS_NGR,Mobile_App,0.15
22-Dec-2023,1300.0,OTHER_MERCHANT_ROUTING,LAGOS_NGR,Mobile_App,0.15
21-Dec-2023,0.75,OTHER_MERCHANT_ROUTING,LAGOS_NGR,OneBank_App,0.15
21-Dec-2023,3500.0,OTHER_MERCHANT_ROUTING,LAGOS_NGR,OneBank_App,0.15
30-Dec-2024,3407.5,OTHER_MERCHANT_ROUTING,LAGOS_NGR,Mobile_App,0.15
19-Dec-2023,6235.0,OTHER_MERCHANT_ROUTING,LAGOS_NGR,Mobile_App,0.15
19-Dec-2023,1.88,OTHER_MERCHANT_ROUTING,LAGOS_NGR,OneBank_App,0.15
19-Dec-2023,10000.0,OTHER_MERCHANT_ROUTING,LAGOS_NGR,OneBank_App,0.15
19-Dec-2023,25.0,OTHER_MERCHANT_ROUTING,LAGOS_NGR,Mobile_App,0.15
18-Dec-2023,15000.0,OTHER_MERCHANT_ROUTING,LAGOS_NGR,Mobile_App,0.15
18-Dec-2023,9025.23,OTHER_MERCHANT_ROUTING,LAGOS_NGR,Mobile_App,0.15
15-Dec-2023,1300.0,OTHER_MERCHANT_ROUTING,LAGOS_NGR,Mobile_App,0.15
13-Dec-2023,1600.0,OTHER_MERCHANT_ROUTING,LAGOS_NGR,Mobile_App,0.15
13-Dec-2023,990.0,OTHER_MERCHANT_ROUTING,LAGOS_NGR,Mobile_App,0.15
13-Dec-2023,10000.0,OTHER_MERCHANT_ROUTING,LAGOS_NGR,POS_Terminal,0.15
13-Dec-2023,1.88,OTHER_MERCHANT_ROUTING,LAGOS_NGR,OneBank_App,0.15
21-Dec-2023,10.0,OTHER_MERCHANT_ROUTING,LAGOS_NGR,Mobile_App,0.15
26-Jan-2024,10200.0,OTHER_MERCHANT_ROUTING,LAGOS_NGR,Mobile_App,0.15
25-Jan-2024,9025.23,OTHER_MERCHANT_ROUTING,LAGOS_NGR,Mobile_App,0.15
25-Jan-2024,1400.0,OTHER_MERCHANT_ROUTING,LAGOS_NGR,POS_Terminal,0.15
23-Jan-2024,5240.0,OTHER_MERCHANT_ROUTING,LAGOS_NGR,Mobile_App,0.15
23-Jan-2024,2400.0,OTHER_MERCHANT_ROUTING,LAGOS_NGR,Mobile_App,0.15
11-Apr-2023,2000.0,OTHER_MERCHANT_ROUTING,LAGOS_NGR,Mobile_App,0.15
17-Jan-2024,21000.0,OTHER_MERCHANT_ROUTING,LAGOS_NGR,Mobile_App,0.15
17-Jan-2024,20000.0,OTHER_MERCHANT_ROUTING,LAGOS_NGR,Mobile_App,0.15
16-Jan-2024,1000.0,OTHER_MERCHANT_ROUTING,LAGOS_NGR,Mobile_App,0.15
16-Jan-2024,15650.0,OTHER_MERCHANT_ROUTING,LAGOS_NGR,Mobile_App,0.15
16-Jan-2024,2400.0,OTHER_MERCHANT_ROUTING,LAGOS_NGR,Mobile_App,0.15
01-Jan-2024,1875.0,OTHER_MERCHANT_ROUTING,LAGOS_NGR,Mobile_App,0.15
16-Jan-2024,10000.0,OTHER_MERCHANT_ROUTING,LAGOS_NGR,Mobile_App,0.15
16-Jan-2024,10000.0,OTHER_MERCHANT_ROUTING,LAGOS_NGR,Mobile_App,0.15
16-Jan-2024,10000.0,OTHER_MERCHANT_ROUTING,LAGOS_NGR,POS_Terminal,0.15
15-Jan-2024,4555.0,OTHER_MERCHANT_ROUTING,LAGOS_NGR,Mobile_App,0.15
15-Jan-2024,10200.0,OTHER_MERCHANT_ROUTING,LAGOS_NGR,Mobile_App,0.15
15-Jan-2024,2640.0,OTHER_MERCHANT_ROUTING,LAGOS_NGR,Mobile_App,0.15
12-Jan-2024,1400.0,OTHER_MERCHANT_ROUTING,LAGOS_NGR,POS_Terminal,0.15
09-Jan-2024,1400.0,OTHER_MERCHANT_ROUTING,LAGOS_NGR,POS_Terminal,0.15
11-Apr-2023,2040.0,VANGUARD_PHARMACY,LAGOS_NGR,Mobile_App,0.15
04-Jan-2024,12740.0,OTHER_MERCHANT_ROUTING,LAGOS_NGR,Mobile_App,0.15
02-Jan-2024,500.0,OTHER_MERCHANT_ROUTING,LAGOS_NGR,Mobile_App,0.15
02-Jan-2024,500.0,OTHER_MERCHANT_ROUTING,LAGOS_NGR,Mobile_App,0.15
16-Jan-2024,3200.0,OTHER_MERCHANT_ROUTING,LAGOS_NGR,POS_Terminal,0.15
27-Nov-2023,6000.0,OTHER_MERCHANT_ROUTING,LAGOS_NGR,POS_Terminal,0.15
22-Nov-2023,1400.0,OTHER_MERCHANT_ROUTING,LAGOS_NGR,Mobile_App,0.15
17-Nov-2023,1.88,OTHER_MERCHANT_ROUTING,LAGOS_NGR,OneBank_App,0.15
17-Nov-2023,38000.0,OTHER_MERCHANT_ROUTING,LAGOS_NGR,OneBank_App,0.15
17-Nov-2023,25.0,OTHER_MERCHANT_ROUTING,LAGOS_NGR,Mobile_App,0.15
17-Nov-2023,1300.0,OTHER_MERCHANT_ROUTING,LAGOS_NGR,POS_Terminal,0.15
17-Nov-2023,1.88,OTHER_MERCHANT_ROUTING,LAGOS_NGR,OneBank_App,0.15
17-Nov-2023,20000.0,OTHER_MERCHANT_ROUTING,LAGOS_NGR,OneBank_App,0.15
17-Nov-2023,25.0,OTHER_MERCHANT_ROUTING,LAGOS_NGR,Mobile_App,0.15
14-Nov-2023,3.75,OTHER_MERCHANT_ROUTING,LAGOS_NGR,OneBank_App,0.15
11-Apr-2023,5001.69,OTHER_MERCHANT_ROUTING,LAGOS_NGR,Mobile_App,0.15
13-Dec-2023,10000.0,OTHER_MERCHANT_ROUTING,LAGOS_NGR,OneBank_App,0.15
13-Nov-2023,1190.0,OTHER_MERCHANT_ROUTING,LAGOS_NGR,Mobile_App,0.15
10-Nov-2023,15000.0,OTHER_MERCHANT_ROUTING,LAGOS_NGR,Mobile_App,0.15
10-Nov-2023,23000.0,OTHER_MERCHANT_ROUTING,LAGOS_NGR,Mobile_App,0.15
09-Nov-2023,2500.0,OTHER_MERCHANT_ROUTING,LAGOS_NGR,POS_Terminal,0.15
09-Nov-2023,1200.0,OTHER_MERCHANT_ROUTING,LAGOS_NGR,Mobile_App,0.15
09-Nov-2023,20000.0,OTHER_MERCHANT_ROUTING,LAGOS_NGR,Mobile_App,0.15
09-Nov-2023,10000.0,OTHER_MERCHANT_ROUTING,LAGOS_NGR,POS_Terminal,0.15
08-Nov-2023,1.88,OTHER_MERCHANT_ROUTING,LAGOS_NGR,OneBank_App,0.15
08-Nov-2023,10000.0,OTHER_MERCHANT_ROUTING,LAGOS_NGR,OneBank_App,0.15
08-Nov-2023,25.0,OTHER_MERCHANT_ROUTING,LAGOS_NGR,Mobile_App,0.15
14-Apr-2023,3000.0,OTHER_MERCHANT_ROUTING,LAGOS_NGR,Mobile_App,0.15
14-Nov-2023,50.0,OTHER_MERCHANT_ROUTING,LAGOS_NGR,Mobile_App,0.15
13-Dec-2023,25.0,OTHER_MERCHANT_ROUTING,LAGOS_NGR,Mobile_App,0.15
13-Dec-2023,1.88,OTHER_MERCHANT_ROUTING,LAGOS_NGR,OneBank_App,0.15
13-Dec-2023,10000.0,OTHER_MERCHANT_ROUTING,LAGOS_NGR,OneBank_App,0.15
13-Dec-2023,25.0,OTHER_MERCHANT_ROUTING,LAGOS_NGR,Mobile_App,0.15
11-Dec-2023,1300.0,OTHER_MERCHANT_ROUTING,LAGOS_NGR,Mobile_App,0.15
08-Dec-2023,7529.0,OTHER_MERCHANT_ROUTING,LAGOS_NGR,Mobile_App,0.15
08-Dec-2023,3100.0,OTHER_MERCHANT_ROUTING,LAGOS_NGR,POS_Terminal,0.15
11-Apr-2023,3000.0,OTHER_MERCHANT_ROUTING,LAGOS_NGR,POS_Terminal,0.15
01-Dec-2023,5050.0,OTHER_MERCHANT_ROUTING,LAGOS_NGR,Mobile_App,0.15
01-Dec-2023,20000.0,OTHER_MERCHANT_ROUTING,LAGOS_NGR,Mobile_App,0.15
01-Dec-2023,10000.0,OTHER_MERCHANT_ROUTING,LAGOS_NGR,POS_Terminal,0.15
27-Nov-2023,10000.0,OTHER_MERCHANT_ROUTING,LAGOS_NGR,Mobile_App,0.15
28-Nov-2023,15000.0,OTHER_MERCHANT_ROUTING,LAGOS_NGR,Mobile_App,0.15
28-Nov-2023,1300.0,OTHER_MERCHANT_ROUTING,LAGOS_NGR,POS_Terminal,0.15
28-Nov-2023,3290.0,OTHER_MERCHANT_ROUTING,LAGOS_NGR,Mobile_App,0.15
11-Apr-2023,1000.0,OTHER_MERCHANT_ROUTING,LAGOS_NGR,Mobile_App,0.15
28-Nov-2023,20000.0,OTHER_MERCHANT_ROUTING,LAGOS_NGR,Mobile_App,0.15
27-Nov-2023,1.88,OTHER_MERCHANT_ROUTING,LAGOS_NGR,OneBank_App,0.15
27-Nov-2023,12000.0,OTHER_MERCHANT_ROUTING,LAGOS_NGR,OneBank_App,0.15
27-Nov-2023,25.0,OTHER_MERCHANT_ROUTING,LAGOS_NGR,Mobile_App,0.15
27-Nov-2023,9025.23,OTHER_MERCHANT_ROUTING,LAGOS_NGR,Mobile_App,0.15
27-Nov-2023,5000.0,OTHER_MERCHANT_ROUTING,LAGOS_NGR,POS_Terminal,0.15
27-Nov-2023,10000.0,OTHER_MERCHANT_ROUTING,LAGOS_NGR,Mobile_App,0.15
27-Nov-2023,10000.0,OTHER_MERCHANT_ROUTING,LAGOS_NGR,Mobile_App,0.15
11-Apr-2023,890.0,VANGUARD_PHARMACY,LAGOS_NGR,Mobile_App,0.15
12-Mar-2024,10000.0,OTHER_MERCHANT_ROUTING,LAGOS_NGR,POS_Terminal,0.15
12-Mar-2024,10000.0,OTHER_MERCHANT_ROUTING,LAGOS_NGR,Mobile_App,0.15
24-Mar-2023,1000.0,OTHER_MERCHANT_ROUTING,LAGOS_NGR,Mobile_App,0.15
11-Mar-2024,13200.0,OTHER_MERCHANT_ROUTING,LAGOS_NGR,Mobile_App,0.15
11-Mar-2024,10000.0,OTHER_MERCHANT_ROUTING,LAGOS_NGR,Mobile_App,0.15
07-Mar-2024,7200.0,OTHER_MERCHANT_ROUTING,LAGOS_NGR,Mobile_App,0.15
07-Mar-2024,2755.0,OTHER_MERCHANT_ROUTING,LAGOS_NGR,Mobile_App,0.15
07-Mar-2024,10000.0,OTHER_MERCHANT_ROUTING,LAGOS_NGR,Mobile_App,0.15
07-Mar-2024,10000.0,OTHER_MERCHANT_ROUTING,LAGOS_NGR,Mobile_App,0.15
07-Mar-2024,10000.0,OTHER_MERCHANT_ROUTING,LAGOS_NGR,Mobile_App,0.15
07-Mar-2024,1500.0,OTHER_MERCHANT_ROUTING,LAGOS_NGR,Mobile_App,0.15
26-Jan-2024,1080.0,OTHER_MERCHANT_ROUTING,LAGOS_NGR,Mobile_App,0.15
07-Mar-2024,41000.0,OTHER_MERCHANT_ROUTING,LAGOS_NGR,Mobile_App,0.15
27-Mar-2023,10000.0,OTHER_MERCHANT_ROUTING,LAGOS_NGR,Mobile_App,0.15
01-Mar-2024,3.75,OTHER_MERCHANT_ROUTING,LAGOS_NGR,OneBank_App,0.15
01-Mar-2024,85000.0,OTHER_MERCHANT_ROUTING,LAGOS_NGR,OneBank_App,0.15
01-Mar-2024,50.0,OTHER_MERCHANT_ROUTING,LAGOS_NGR,Mobile_App,0.15
29-Feb-2024,15000.0,OTHER_MERCHANT_ROUTING,LAGOS_NGR,Mobile_App,0.15
28-Feb-2024,1.88,OTHER_MERCHANT_ROUTING,LAGOS_NGR,OneBank_App,0.15
28-Feb-2024,15000.0,OTHER_MERCHANT_ROUTING,LAGOS_NGR,OneBank_App,0.15
28-Feb-2024,25.0,OTHER_MERCHANT_ROUTING,LAGOS_NGR,Mobile_App,0.15
28-Feb-2024,3.75,OTHER_MERCHANT_ROUTING,LAGOS_NGR,OneBank_App,0.15
28-Feb-2024,80000.0,OTHER_MERCHANT_ROUTING,LAGOS_NGR,OneBank_App,0.15
27-Mar-2023,2850.0,VANGUARD_PHARMACY,LAGOS_NGR,POS_Terminal,0.15
24-Mar-2023,10000.0,OTHER_MERCHANT_ROUTING,LAGOS_NGR,Mobile_App,0.15
24-Apr-2024,10000.0,OTHER_MERCHANT_ROUTING,LAGOS_NGR,Mobile_App,0.15
24-Apr-2024,0.75,OTHER_MERCHANT_ROUTING,LAGOS_NGR,OneBank_App,0.15
24-Apr-2024,5000.0,OTHER_MERCHANT_ROUTING,LAGOS_NGR,OneBank_App,0.15
24-Apr-2024,10.0,OTHER_MERCHANT_ROUTING,LAGOS_NGR,Mobile_App,0.15
23-Apr-2024,1000.0,OTHER_MERCHANT_ROUTING,LAGOS_NGR,Mobile_App,0.15
15-Apr-2024,3400.0,OTHER_MERCHANT_ROUTING,LAGOS_NGR,Mobile_App,0.15
12-Apr-2024,5100.0,OTHER_MERCHANT_ROUTING,LAGOS_NGR,Mobile_App,0.15
12-Apr-2024,6100.0,OTHER_MERCHANT_ROUTING,LAGOS_NGR,Mobile_App,0.15
09-Apr-2024,1000.0,OTHER_MERCHANT_ROUTING,LAGOS_NGR,Mobile_App,0.15
24-Mar-2023,4000.0,OTHER_MERCHANT_ROUTING,LAGOS_NGR,POS_Terminal,0.15
24-Mar-2023,804.8,OTHER_MERCHANT_ROUTING,LAGOS_NGR,POS_Terminal,0.15
08-Apr-2024,3675.0,OTHER_MERCHANT_ROUTING,LAGOS_NGR,Mobile_App,0.15
08-Apr-2024,2937.0,OTHER_MERCHANT_ROUTING,LAGOS_NGR,Mobile_App,0.15
24-Mar-2023,7900.0,OTHER_MERCHANT_ROUTING,LAGOS_NGR,Mobile_App,0.15
08-Apr-2024,20000.0,OTHER_MERCHANT_ROUTING,LAGOS_NGR,Mobile_App,0.15
02-Apr-2024,3750.0,OTHER_MERCHANT_ROUTING,LAGOS_NGR,Mobile_App,0.15
02-Apr-2024,3915.0,OTHER_MERCHANT_ROUTING,LAGOS_NGR,Mobile_App,0.15
01-Apr-2024,5000.0,OTHER_MERCHANT_ROUTING,LAGOS_NGR,Web_Portal,0.15
28-Mar-2024,2543.0,OTHER_MERCHANT_ROUTING,LAGOS_NGR,Mobile_App,0.15
27-Mar-2024,9025.23,OTHER_MERCHANT_ROUTING,LAGOS_NGR,Mobile_App,0.15
24-Mar-2023,2480.0,VANGUARD_PHARMACY,LAGOS_NGR,Mobile_App,0.15
26-Mar-2024,15000.0,OTHER_MERCHANT_ROUTING,LAGOS_NGR,Mobile_App,0.15
22-Mar-2024,3.75,OTHER_MERCHANT_ROUTING,LAGOS_NGR,Mobile_App,0.15
08-Apr-2024,1000.0,OTHER_MERCHANT_ROUTING,LAGOS_NGR,Mobile_App,0.15
13-Feb-2024,20000.0,OTHER_MERCHANT_ROUTING,LAGOS_NGR,Mobile_App,0.15
09-Feb-2024,5100.0,OTHER_MERCHANT_ROUTING,LAGOS_NGR,Mobile_App,0.15
09-Feb-2024,10000.0,OTHER_MERCHANT_ROUTING,LAGOS_NGR,Mobile_App,0.15
03-Apr-2023,1965.0,VANGUARD_PHARMACY,LAGOS_NGR,Mobile_App,0.15
09-Feb-2024,20000.0,OTHER_MERCHANT_ROUTING,LAGOS_NGR,Mobile_App,0.15
08-Feb-2024,10200.0,OTHER_MERCHANT_ROUTING,LAGOS_NGR,Mobile_App,0.15
08-Feb-2024,10000.0,OTHER_MERCHANT_ROUTING,LAGOS_NGR,Mobile_App,0.15
07-Feb-2024,1600.0,OTHER_MERCHANT_ROUTING,LAGOS_NGR,Mobile_App,0.15
07-Feb-2024,3460.0,OTHER_MERCHANT_ROUTING,LAGOS_NGR,Mobile_App,0.15
04-Apr-2023,1.88,OTHER_MERCHANT_ROUTING,LAGOS_NGR,OneBank_App,0.15
07-Feb-2024,10000.0,OTHER_MERCHANT_ROUTING,LAGOS_NGR,Mobile_App,0.15
28-Feb-2024,50.0,OTHER_MERCHANT_ROUTING,LAGOS_NGR,Mobile_App,0.15
04-Apr-2023,5500.0,OTHER_MERCHANT_ROUTING,LAGOS_NGR,OneBank_App,0.15
02-Feb-2024,10200.0,OTHER_MERCHANT_ROUTING,LAGOS_NGR,Mobile_App,0.15
01-Feb-2024,1300.0,OTHER_MERCHANT_ROUTING,LAGOS_NGR,Mobile_App,0.15
31-Jan-2024,10000.0,OTHER_MERCHANT_ROUTING,LAGOS_NGR,POS_Terminal,0.15
31-Jan-2024,1.88,OTHER_MERCHANT_ROUTING,LAGOS_NGR,OneBank_App,0.15
31-Jan-2024,10000.0,OTHER_MERCHANT_ROUTING,LAGOS_NGR,OneBank_App,0.15
31-Jan-2024,25.0,OTHER_MERCHANT_ROUTING,LAGOS_NGR,Mobile_App,0.15
05-Apr-2023,1000.0,OTHER_MERCHANT_ROUTING,LAGOS_NGR,Mobile_App,0.15
30-Jan-2024,15000.0,OTHER_MERCHANT_ROUTING,LAGOS_NGR,Mobile_App,0.15
29-Jan-2024,4195.0,OTHER_MERCHANT_ROUTING,LAGOS_NGR,Mobile_App,0.15
29-Jan-2024,1000.0,OTHER_MERCHANT_ROUTING,LAGOS_NGR,Mobile_App,0.15
26-Jan-2024,850.0,OTHER_MERCHANT_ROUTING,LAGOS_NGR,POS_Terminal,0.15
07-Feb-2024,1000.0,OTHER_MERCHANT_ROUTING,LAGOS_NGR,Mobile_App,0.15
27-Feb-2024,3.75,OTHER_MERCHANT_ROUTING,LAGOS_NGR,OneBank_App,0.15
28-Mar-2023,2100.0,VANGUARD_PHARMACY,LAGOS_NGR,POS_Terminal,0.15
27-Feb-2024,50.0,OTHER_MERCHANT_ROUTING,LAGOS_NGR,Mobile_App,0.15
28-Mar-2023,3045.96,OTHER_MERCHANT_ROUTING,LAGOS_NGR,POS_Terminal,0.15
28-Mar-2023,3500.0,OTHER_MERCHANT_ROUTING,LAGOS_NGR,Mobile_App,0.15
28-Mar-2023,1000.0,OTHER_MERCHANT_ROUTING,LAGOS_NGR,Mobile_App,0.15
31-Mar-2023,10000.0,OTHER_MERCHANT_ROUTING,LAGOS_NGR,Mobile_App,0.15
31-Mar-2023,5000.0,OTHER_MERCHANT_ROUTING,LAGOS_NGR,POS_Terminal,0.15
31-Mar-2023,1000.0,OTHER_MERCHANT_ROUTING,LAGOS_NGR,Mobile_App,0.15
23-Feb-2024,9025.23,OTHER_MERCHANT_ROUTING,LAGOS_NGR,Mobile_App,0.15
31-Mar-2023,1400.0,OTHER_MERCHANT_ROUTING,LAGOS_NGR,Mobile_App,0.15
03-Apr-2023,1000.0,OTHER_MERCHANT_ROUTING,LAGOS_NGR,Mobile_App,0.15
22-Feb-2024,1200.0,OTHER_MERCHANT_ROUTING,LAGOS_NGR,Mobile_App,0.15
20-Feb-2024,10000.0,OTHER_MERCHANT_ROUTING,LAGOS_NGR,Mobile_App,0.15
20-Feb-2024,5100.0,OTHER_MERCHANT_ROUTING,LAGOS_NGR,Mobile_App,0.15
03-Apr-2023,7000.0,OTHER_MERCHANT_ROUTING,LAGOS_NGR,Mobile_App,0.15
20-Feb-2024,20000.0,OTHER_MERCHANT_ROUTING,LAGOS_NGR,Mobile_App,0.15
19-Feb-2024,2000.0,OTHER_MERCHANT_ROUTING,LAGOS_NGR,Mobile_App,0.15
19-Feb-2024,2260.0,OTHER_MERCHANT_ROUTING,LAGOS_NGR,Mobile_App,0.15
16-Feb-2024,500.0,OTHER_MERCHANT_ROUTING,LAGOS_NGR,Mobile_App,0.15
16-Feb-2024,1200.0,OTHER_MERCHANT_ROUTING,LAGOS_NGR,Mobile_App,0.15
16-Feb-2024,6600.0,OTHER_MERCHANT_ROUTING,LAGOS_NGR,Web_Portal,0.15
13-Feb-2024,5432.0,OTHER_MERCHANT_ROUTING,LAGOS_NGR,Mobile_App,0.15
13-Feb-2024,4190.0,OTHER_MERCHANT_ROUTING,LAGOS_NGR,Mobile_App,0.15
03-Apr-2023,2040.0,VANGUARD_PHARMACY,LAGOS_NGR,Mobile_App,0.15
21-Jul-2023,6000.0,OTHER_MERCHANT_ROUTING,LAGOS_NGR,Mobile_App,0.15
17-Jul-2023,1670.0,VANGUARD_PHARMACY,LAGOS_NGR,Mobile_App,0.15
17-Jul-2023,5000.0,OTHER_MERCHANT_ROUTING,LAGOS_NGR,Mobile_App,0.15
17-Jul-2023,1200.0,OTHER_MERCHANT_ROUTING,LAGOS_NGR,POS_Terminal,0.15
10-May-2023,1205.75,OTHER_MERCHANT_ROUTING,LAGOS_NGR,POS_Terminal,0.15
17-Jul-2023,10000.0,OTHER_MERCHANT_ROUTING,LAGOS_NGR,Mobile_App,0.15
17-Jul-2023,1100.0,OTHER_MERCHANT_ROUTING,LAGOS_NGR,Mobile_App,0.15
17-Jul-2023,2686.0,OTHER_MERCHANT_ROUTING,LAGOS_NGR,Mobile_App,0.15
17-Jul-2023,990.0,VANGUARD_PHARMACY,LAGOS_NGR,Mobile_App,0.15
14-Jul-2023,1200.0,VANGUARD_PHARMACY,LAGOS_NGR,Mobile_App,0.15
12-Jul-2023,1200.0,OTHER_MERCHANT_ROUTING,LAGOS_NGR,Mobile_App,0.15
14-Apr-2023,1800.0,OTHER_MERCHANT_ROUTING,LAGOS_NGR,Mobile_App,0.15
11-May-2023,3000.0,OTHER_MERCHANT_ROUTING,LAGOS_NGR,Mobile_App,0.15
12-Jul-2023,10000.0,OTHER_MERCHANT_ROUTING,LAGOS_NGR,Mobile_App,0.15
11-Jul-2023,1650.0,OTHER_MERCHANT_ROUTING,LAGOS_NGR,POS_Terminal,0.15
11-May-2023,3000.0,OTHER_MERCHANT_ROUTING,LAGOS_NGR,POS_Terminal,0.15
07-Jul-2023,3230.0,OTHER_MERCHANT_ROUTING,LAGOS_NGR,Mobile_App,0.15
11-May-2023,1000.0,OTHER_MERCHANT_ROUTING,LAGOS_NGR,POS_Terminal,0.15
03-Jul-2023,10000.0,OTHER_MERCHANT_ROUTING,LAGOS_NGR,Mobile_App,0.15
30-Jun-2023,4000.0,OTHER_MERCHANT_ROUTING,LAGOS_NGR,Mobile_App,0.15
30-Jun-2023,3278.88,OTHER_MERCHANT_ROUTING,LAGOS_NGR,Mobile_App,0.15
30-Jun-2023,5000.0,OTHER_MERCHANT_ROUTING,LAGOS_NGR,POS_Terminal,0.15
22-May-2023,6000.0,OTHER_MERCHANT_ROUTING,LAGOS_NGR,Mobile_App,0.15
12-Jul-2023,5000.0,OTHER_MERCHANT_ROUTING,LAGOS_NGR,Mobile_App,0.15
08-Aug-2023,1200.0,OTHER_MERCHANT_ROUTING,LAGOS_NGR,Mobile_App,0.15
08-May-2023,2550.0,OTHER_MERCHANT_ROUTING,LAGOS_NGR,Mobile_App,0.15
04-Aug-2023,2800.0,OTHER_MERCHANT_ROUTING,LAGOS_NGR,Mobile_App,0.15
04-Aug-2023,2100.0,OTHER_MERCHANT_ROUTING,LAGOS_NGR,Mobile_App,0.15
02-Aug-2023,1200.0,OTHER_MERCHANT_ROUTING,LAGOS_NGR,Mobile_App,0.15
02-Aug-2023,3790.0,OTHER_MERCHANT_ROUTING,LAGOS_NGR,POS_Terminal,0.15
02-Aug-2023,1300.0,OTHER_MERCHANT_ROUTING,LAGOS_NGR,Mobile_App,0.15
02-Aug-2023,3840.0,OPAY_FUND_TRANSFER,LAGOS_NGR,POS_Terminal,0.15
02-Aug-2023,5000.0,OTHER_MERCHANT_ROUTING,LAGOS_NGR,Mobile_App,0.15
08-May-2023,1000.0,OTHER_MERCHANT_ROUTING,LAGOS_NGR,Mobile_App,0.15
01-Aug-2023,10000.0,OTHER_MERCHANT_ROUTING,LAGOS_NGR,Mobile_App,0.15
24-Jul-2023,6950.0,OTHER_MERCHANT_ROUTING,LAGOS_NGR,Mobile_App,0.15
31-Jul-2023,2250.0,OTHER_MERCHANT_ROUTING,LAGOS_NGR,Mobile_App,0.15
31-Jul-2023,5000.0,OTHER_MERCHANT_ROUTING,LAGOS_NGR,Mobile_App,0.15
28-Jul-2023,3860.0,OTHER_MERCHANT_ROUTING,LAGOS_NGR,Mobile_App,0.15
28-Jul-2023,6000.0,OTHER_MERCHANT_ROUTING,LAGOS_NGR,Mobile_App,0.15
28-Jul-2023,10000.0,OTHER_MERCHANT_ROUTING,LAGOS_NGR,Mobile_App,0.15
28-Jul-2023,1200.0,OTHER_MERCHANT_ROUTING,LAGOS_NGR,Mobile_App,0.15
27-Jul-2023,1250.0,OTHER_MERCHANT_ROUTING,LAGOS_NGR,Mobile_App,0.15
27-Jul-2023,5000.0,OTHER_MERCHANT_ROUTING,LAGOS_NGR,POS_Terminal,0.15
26-Jul-2023,9025.23,OTHER_MERCHANT_ROUTING,LAGOS_NGR,Mobile_App,0.15
25-Jul-2023,2200.0,OTHER_MERCHANT_ROUTING,LAGOS_NGR,Mobile_App,0.15
24-Jul-2023,1100.0,OTHER_MERCHANT_ROUTING,LAGOS_NGR,Mobile_App,0.15
24-Jul-2023,1100.0,OTHER_MERCHANT_ROUTING,LAGOS_NGR,POS_Terminal,0.15
31-Jul-2023,1650.0,OTHER_MERCHANT_ROUTING,LAGOS_NGR,Mobile_App,0.15
13-Jun-2023,6046.0,OTHER_MERCHANT_ROUTING,LAGOS_NGR,Mobile_App,0.15
13-Jun-2023,10000.0,OTHER_MERCHANT_ROUTING,LAGOS_NGR,Mobile_App,0.15
26-May-2023,3000.0,OTHER_MERCHANT_ROUTING,LAGOS_NGR,POS_Terminal,0.15
09-Jun-2023,5000.0,OTHER_MERCHANT_ROUTING,LAGOS_NGR,Mobile_App,0.15
05-Jun-2023,1200.0,OTHER_MERCHANT_ROUTING,LAGOS_NGR,POS_Terminal,0.15
05-Jun-2023,1200.0,OTHER_MERCHANT_ROUTING,LAGOS_NGR,POS_Terminal,0.15
05-Jun-2023,5000.0,OTHER_MERCHANT_ROUTING,LAGOS_NGR,Mobile_App,0.15
26-May-2023,18200.0,OPAY_FUND_TRANSFER,LAGOS_NGR,Mobile_App,0.15
05-Jun-2023,10000.0,OTHER_MERCHANT_ROUTING,LAGOS_NGR,Mobile_App,0.15
02-Jun-2023,5000.0,OTHER_MERCHANT_ROUTING,LAGOS_NGR,Mobile_App,0.15
01-Jun-2023,1400.0,OTHER_MERCHANT_ROUTING,LAGOS_NGR,POS_Terminal,0.15
30-Jun-2023,10000.0,OTHER_MERCHANT_ROUTING,LAGOS_NGR,Mobile_App,0.15
31-May-2023,1410.0,OTHER_MERCHANT_ROUTING,LAGOS_NGR,POS_Terminal,0.15
26-May-2023,9000.0,OTHER_MERCHANT_ROUTING,LAGOS_NGR,POS_Terminal,0.15
31-May-2023,10000.0,OTHER_MERCHANT_ROUTING,LAGOS_NGR,Mobile_App,0.15
31-May-2023,2350.0,VANGUARD_PHARMACY,LAGOS_NGR,POS_Terminal,0.15
30-May-2023,5000.0,OTHER_MERCHANT_ROUTING,LAGOS_NGR,POS_Terminal,0.15
30-May-2023,5000.0,OTHER_MERCHANT_ROUTING,LAGOS_NGR,Mobile_App,0.15
30-May-2023,4430.0,VANGUARD_PHARMACY,LAGOS_NGR,Mobile_App,0.15
30-May-2023,6000.0,OTHER_MERCHANT_ROUTING,LAGOS_NGR,Mobile_App,0.15
29-May-2023,1000.0,OTHER_MERCHANT_ROUTING,LAGOS_NGR,POS_Terminal,0.15
29-May-2023,7300.0,OTHER_MERCHANT_ROUTING,LAGOS_NGR,Mobile_App,0.15
29-May-2023,2000.0,OTHER_MERCHANT_ROUTING,LAGOS_NGR,POS_Terminal,0.15
26-May-2023,7300.0,OTHER_MERCHANT_ROUTING,LAGOS_NGR,Mobile_App,0.15
31-May-2023,2000.0,OPAY_FUND_TRANSFER,LAGOS_NGR,POS_Terminal,0.15
30-Jun-2023,1100.0,OTHER_MERCHANT_ROUTING,LAGOS_NGR,POS_Terminal,0.15
27-Jun-2023,5000.0,OTHER_MERCHANT_ROUTING,LAGOS_NGR,Mobile_App,0.15
27-Jun-2023,1250.0,OTHER_MERCHANT_ROUTING,LAGOS_NGR,POS_Terminal,0.15
27-Jun-2023,13900.0,OTHER_MERCHANT_ROUTING,LAGOS_NGR,Mobile_App,0.15
27-Jun-2023,4355.0,VANGUARD_PHARMACY,LAGOS_NGR,Mobile_App,0.15
22-May-2023,4000.0,OTHER_MERCHANT_ROUTING,LAGOS_NGR,Mobile_App,0.15
27-Jun-2023,10000.0,OTHER_MERCHANT_ROUTING,LAGOS_NGR,Mobile_App,0.15
26-Jun-2023,1100.0,OTHER_MERCHANT_ROUTING,LAGOS_NGR,Mobile_App,0.15
26-Jun-2023,9025.23,OTHER_MERCHANT_ROUTING,LAGOS_NGR,Mobile_App,0.15
23-Jun-2023,5000.0,OTHER_MERCHANT_ROUTING,LAGOS_NGR,Mobile_App,0.15
23-Jun-2023,6000.0,OTHER_MERCHANT_ROUTING,LAGOS_NGR,Mobile_App,0.15
13-Jun-2023,1000.0,OTHER_MERCHANT_ROUTING,LAGOS_NGR,POS_Terminal,0.15
20-Jun-2023,5000.0,OTHER_MERCHANT_ROUTING,LAGOS_NGR,POS_Terminal,0.15
20-Jun-2023,2100.0,OTHER_MERCHANT_ROUTING,LAGOS_NGR,POS_Terminal,0.15
23-May-2023,2200.0,VANGUARD_PHARMACY,LAGOS_NGR,POS_Terminal,0.15
20-Jun-2023,10000.0,OTHER_MERCHANT_ROUTING,LAGOS_NGR,Mobile_App,0.15
19-Jun-2023,2780.0,OTHER_MERCHANT_ROUTING,LAGOS_NGR,POS_Terminal,0.15
19-Jun-2023,10000.0,OTHER_MERCHANT_ROUTING,LAGOS_NGR,Mobile_App,0.15
25-May-2023,9025.23,OTHER_MERCHANT_ROUTING,LAGOS_NGR,Mobile_App,0.15
19-Jun-2023,10000.0,OTHER_MERCHANT_ROUTING,LAGOS_NGR,Mobile_App,0.15
16-Jun-2023,6700.0,OTHER_MERCHANT_ROUTING,LAGOS_NGR,Mobile_App,0.15
25-May-2023,40000.0,OTHER_MERCHANT_ROUTING,LAGOS_NGR,Mobile_App,0.15
16-Jun-2023,10000.0,OTHER_MERCHANT_ROUTING,LAGOS_NGR,Mobile_App,0.15
14-Jun-2023,2000.0,OTHER_MERCHANT_ROUTING,LAGOS_NGR,POS_Terminal,0.15
22-Jun-2023,5000.0,OTHER_MERCHANT_ROUTING,LAGOS_NGR,Mobile_App,0.15
10-Oct-2023,2350.0,OTHER_MERCHANT_ROUTING,LAGOS_NGR,Mobile_App,0.15
10-Oct-2023,970.0,OTHER_MERCHANT_ROUTING,LAGOS_NGR,Mobile_App,0.15
10-Oct-2023,6000.0,OTHER_MERCHANT_ROUTING,LAGOS_NGR,POS_Terminal,0.15
25-Apr-2023,3000.0,OTHER_MERCHANT_ROUTING,LAGOS_NGR,POS_Terminal,0.15
10-Oct-2023,10000.0,OTHER_MERCHANT_ROUTING,LAGOS_NGR,Mobile_App,0.15
25-Apr-2023,3720.0,VANGUARD_PHARMACY,LAGOS_NGR,Mobile_App,0.15
09-Oct-2023,1200.0,OTHER_MERCHANT_ROUTING,LAGOS_NGR,POS_Terminal,0.15
03-Oct-2023,6000.0,OTHER_MERCHANT_ROUTING,LAGOS_NGR,POS_Terminal,0.15
03-Oct-2023,10000.0,OTHER_MERCHANT_ROUTING,LAGOS_NGR,Mobile_App,0.15
03-Oct-2023,1200.0,OTHER_MERCHANT_ROUTING,LAGOS_NGR,POS_Terminal,0.15
29-Sep-2023,1125.0,OTHER_MERCHANT_ROUTING,LAGOS_NGR,Mobile_App,0.15
10-Aug-2023,10000.0,OTHER_MERCHANT_ROUTING,LAGOS_NGR,Mobile_App,0.15
26-Sep-2023,9025.23,OTHER_MERCHANT_ROUTING,LAGOS_NGR,Mobile_App,0.15
26-Sep-2023,1200.0,OTHER_MERCHANT_ROUTING,LAGOS_NGR,Mobile_App,0.15
26-Sep-2023,17850.0,OTHER_MERCHANT_ROUTING,LAGOS_NGR,Mobile_App,0.15
26-Sep-2023,2300.0,OTHER_MERCHANT_ROUTING,LAGOS_NGR,Mobile_App,0.15
26-Sep-2023,6000.0,OTHER_MERCHANT_ROUTING,LAGOS_NGR,POS_Terminal,0.15
25-Apr-2023,2200.0,VANGUARD_PHARMACY,LAGOS_NGR,Mobile_App,0.15
26-Sep-2023,30000.0,OTHER_MERCHANT_ROUTING,LAGOS_NGR,Mobile_App,0.15
26-Sep-2023,3000.0,OTHER_MERCHANT_ROUTING,LAGOS_NGR,Mobile_App,0.15
22-Sep-2023,1200.0,OTHER_MERCHANT_ROUTING,LAGOS_NGR,POS_Terminal,0.15
22-Sep-2023,6000.0,OTHER_MERCHANT_ROUTING,LAGOS_NGR,POS_Terminal,0.15
22-Sep-2023,8000.0,OTHER_MERCHANT_ROUTING,LAGOS_NGR,Mobile_App,0.15
28-Sep-2023,11200.0,OTHER_MERCHANT_ROUTING,LAGOS_NGR,Mobile_App,0.15
14-Apr-2023,1000.0,OTHER_MERCHANT_ROUTING,LAGOS_NGR,Mobile_App,0.15
03-Nov-2023,20000.0,OTHER_MERCHANT_ROUTING,LAGOS_NGR,Mobile_App,0.15
20-Apr-2023,10000.0,OTHER_MERCHANT_ROUTING,LAGOS_NGR,Mobile_App,0.15
03-Nov-2023,20000.0,OTHER_MERCHANT_ROUTING,LAGOS_NGR,Mobile_App,0.15
31-Oct-2023,1300.0,OTHER_MERCHANT_ROUTING,LAGOS_NGR,Mobile_App,0.15
31-Oct-2023,1470.0,OTHER_MERCHANT_ROUTING,LAGOS_NGR,Mobile_App,0.15
27-Oct-2023,1190.0,OTHER_MERCHANT_ROUTING,LAGOS_NGR,Mobile_App,0.15
26-Oct-2023,9025.23,OTHER_MERCHANT_ROUTING,LAGOS_NGR,Mobile_App,0.15
24-Oct-2023,1300.0,OTHER_MERCHANT_ROUTING,LAGOS_NGR,POS_Terminal,0.15
24-Oct-2023,4850.0,OTHER_MERCHANT_ROUTING,LAGOS_NGR,Mobile_App,0.15
23-Oct-2023,6445.0,OTHER_MERCHANT_ROUTING,LAGOS_NGR,Mobile_App,0.15
10-Oct-2023,750.0,OTHER_MERCHANT_ROUTING,LAGOS_NGR,Mobile_App,0.15
18-Oct-2023,6000.0,OTHER_MERCHANT_ROUTING,LAGOS_NGR,POS_Terminal,0.15
18-Oct-2023,20000.0,OTHER_MERCHANT_ROUTING,LAGOS_NGR,Mobile_App,0.15
18-Oct-2023,20000.0,OTHER_MERCHANT_ROUTING,LAGOS_NGR,Mobile_App,0.15
17-Oct-2023,1200.0,OTHER_MERCHANT_ROUTING,LAGOS_NGR,POS_Terminal,0.15
17-Oct-2023,20200.0,OTHER_MERCHANT_ROUTING,LAGOS_NGR,Mobile_App,0.15
17-Oct-2023,1870.0,OTHER_MERCHANT_ROUTING,LAGOS_NGR,POS_Terminal,0.15
20-Apr-2023,8980.0,VANGUARD_PHARMACY,LAGOS_NGR,Mobile_App,0.15
17-Oct-2023,40000.0,OTHER_MERCHANT_ROUTING,LAGOS_NGR,Mobile_App,0.15
13-Oct-2023,1300.0,OTHER_MERCHANT_ROUTING,LAGOS_NGR,Mobile_App,0.15
13-Oct-2023,6000.0,OTHER_MERCHANT_ROUTING,LAGOS_NGR,POS_Terminal,0.15
25-Apr-2023,10000.0,OTHER_MERCHANT_ROUTING,LAGOS_NGR,Mobile_App,0.15
13-Oct-2023,10000.0,OTHER_MERCHANT_ROUTING,LAGOS_NGR,Mobile_App,0.15
19-Oct-2023,1300.0,OTHER_MERCHANT_ROUTING,LAGOS_NGR,POS_Terminal,0.15
07-Sep-2023,1700.0,OTHER_MERCHANT_ROUTING,LAGOS_NGR,Mobile_App,0.15
06-Sep-2023,1200.0,OTHER_MERCHANT_ROUTING,LAGOS_NGR,POS_Terminal,0.15
03-May-2023,1794.0,OTHER_MERCHANT_ROUTING,LAGOS_NGR,POS_Terminal,0.15
01-Sep-2023,570.0,OTHER_MERCHANT_ROUTING,LAGOS_NGR,Mobile_App,0.15
01-Sep-2023,3180.0,OTHER_MERCHANT_ROUTING,LAGOS_NGR,Mobile_App,0.15
01-Sep-2023,6000.0,OTHER_MERCHANT_ROUTING,LAGOS_NGR,Mobile_App,0.15
28-Aug-2023,780.0,OTHER_MERCHANT_ROUTING,LAGOS_NGR,Mobile_App,0.15
28-Aug-2023,1890.0,OTHER_MERCHANT_ROUTING,LAGOS_NGR,Mobile_App,0.15
28-Aug-2023,6000.0,OTHER_MERCHANT_ROUTING,LAGOS_NGR,POS_Terminal,0.15
28-Aug-2023,9025.23,OTHER_MERCHANT_ROUTING,LAGOS_NGR,Mobile_App,0.15
24-Aug-2023,0.75,OTHER_MERCHANT_ROUTING,LAGOS_NGR,OneBank_App,0.15
20-Sep-2023,600.0,OTHER_MERCHANT_ROUTING,LAGOS_NGR,Mobile_App,0.15
24-Aug-2023,4000.0,OTHER_MERCHANT_ROUTING,LAGOS_NGR,OneBank_App,0.15
21-Aug-2023,1800.0,OTHER_MERCHANT_ROUTING,LAGOS_NGR,Mobile_App,0.15
21-Aug-2023,5000.0,OTHER_MERCHANT_ROUTING,LAGOS_NGR,Mobile_App,0.15
18-Aug-2023,6000.0,OTHER_MERCHANT_ROUTING,LAGOS_NGR,POS_Terminal,0.15
17-Aug-2023,5000.0,OTHER_MERCHANT_ROUTING,LAGOS_NGR,Mobile_App,0.15
08-May-2023,5000.0,OTHER_MERCHANT_ROUTING,LAGOS_NGR,Mobile_App,0.15
16-Aug-2023,8400.0,OTHER_MERCHANT_ROUTING,LAGOS_NGR,Mobile_App,0.15
16-Aug-2023,10000.0,OTHER_MERCHANT_ROUTING,LAGOS_NGR,Mobile_App,0.15
14-Aug-2023,2445.0,OTHER_MERCHANT_ROUTING,LAGOS_NGR,Mobile_App,0.15
11-Aug-2023,6000.0,OTHER_MERCHANT_ROUTING,LAGOS_NGR,Mobile_App,0.15
10-Aug-2023,1800.0,OTHER_MERCHANT_ROUTING,LAGOS_NGR,POS_Terminal,0.15
08-May-2023,2450.0,OTHER_MERCHANT_ROUTING,LAGOS_NGR,POS_Terminal,0.15
03-May-2023,1000.0,OTHER_MERCHANT_ROUTING,LAGOS_NGR,POS_Terminal,0.15
18-Sep-2023,6850.0,OTHER_MERCHANT_ROUTING,LAGOS_NGR,Mobile_App,0.15
18-Sep-2023,6000.0,OTHER_MERCHANT_ROUTING,LAGOS_NGR,Mobile_App,0.15
18-Sep-2023,1000.0,OTHER_MERCHANT_ROUTING,LAGOS_NGR,OneBank_App,0.15
25-Apr-2023,900.0,OTHER_MERCHANT_ROUTING,LAGOS_NGR,Mobile_App,0.15
18-Sep-2023,0.75,OTHER_MERCHANT_ROUTING,LAGOS_NGR,OneBank_App,0.15
15-Sep-2023,2050.0,OTHER_MERCHANT_ROUTING,LAGOS_NGR,Mobile_App,0.15
15-Sep-2023,6000.0,OTHER_MERCHANT_ROUTING,LAGOS_NGR,POS_Terminal,0.15
15-Sep-2023,7000.0,OTHER_MERCHANT_ROUTING,LAGOS_NGR,Mobile_App,0.15
14-Sep-2023,3.75,OTHER_MERCHANT_ROUTING,LAGOS_NGR,OneBank_App,0.15
25-Apr-2023,1000.0,OTHER_MERCHANT_ROUTING,LAGOS_NGR,Mobile_App,0.15
26-Apr-2023,9025.23,OTHER_MERCHANT_ROUTING,LAGOS_NGR,Mobile_App,0.15
12-Sep-2023,7000.0,OTHER_MERCHANT_ROUTING,LAGOS_NGR,Mobile_App,0.15
14-Sep-2023,2915.0,OTHER_MERCHANT_ROUTING,LAGOS_NGR,Mobile_App,0.15
14-Sep-2023,2915.0,OTHER_MERCHANT_ROUTING,LAGOS_NGR,Mobile_App,0.15
14-Sep-2023,28225.0,OTHER_MERCHANT_ROUTING,LAGOS_NGR,Mobile_App,0.15
14-Sep-2023,6000.0,OTHER_MERCHANT_ROUTING,LAGOS_NGR,POS_Terminal,0.15
14-Sep-2023,3.75,OTHER_MERCHANT_ROUTING,LAGOS_NGR,OneBank_App,0.15
28-Apr-2023,3575.0,OTHER_MERCHANT_ROUTING,LAGOS_NGR,Mobile_App,0.15
28-Apr-2023,3539.96,OTHER_MERCHANT_ROUTING,LAGOS_NGR,POS_Terminal,0.15
14-Sep-2023,3.75,OTHER_MERCHANT_ROUTING,LAGOS_NGR,OneBank_App,0.15
02-May-2023,5000.0,OTHER_MERCHANT_ROUTING,LAGOS_NGR,Mobile_App,0.15
02-May-2023,3005.0,OTHER_MERCHANT_ROUTING,LAGOS_NGR,Web_Portal,0.15
02-May-2023,3000.0,OTHER_MERCHANT_ROUTING,LAGOS_NGR,Mobile_App,0.15
03-May-2023,5000.0,OTHER_MERCHANT_ROUTING,LAGOS_NGR,Mobile_App,0.15
14-Sep-2023,1600.0,OTHER_MERCHANT_ROUTING,LAGOS_NGR,Mobile_App,0.15
26-Aug-2024,6360.0,OTHER_MERCHANT_ROUTING,LAGOS_NGR,POS_Terminal,0.15
26-Aug-2024,0.75,OTHER_MERCHANT_ROUTING,LAGOS_NGR,OneBank_App,0.15
26-Aug-2024,5000.0,OTHER_MERCHANT_ROUTING,LAGOS_NGR,OneBank_App,0.15
26-Aug-2024,10.0,OTHER_MERCHANT_ROUTING,LAGOS_NGR,Mobile_App,0.15
22-Aug-2024,1.88,OTHER_MERCHANT_ROUTING,LAGOS_NGR,OneBank_App,0.15
22-Aug-2024,20000.0,OTHER_MERCHANT_ROUTING,LAGOS_NGR,OneBank_App,0.15
22-Aug-2024,25.0,OTHER_MERCHANT_ROUTING,LAGOS_NGR,Mobile_App,0.15
20-Aug-2024,1.88,OTHER_MERCHANT_ROUTING,LAGOS_NGR,OneBank_App,0.15
20-Aug-2024,20000.0,OTHER_MERCHANT_ROUTING,LAGOS_NGR,OneBank_App,0.15
20-Aug-2024,25.0,OTHER_MERCHANT_ROUTING,LAGOS_NGR,Mobile_App,0.15
19-Aug-2024,0.75,OTHER_MERCHANT_ROUTING,LAGOS_NGR,OneBank_App,0.15
25-Apr-2024,5000.0,OTHER_MERCHANT_ROUTING,LAGOS_NGR,Mobile_App,0.15
19-Aug-2024,10.0,OTHER_MERCHANT_ROUTING,LAGOS_NGR,Mobile_App,0.15
19-Aug-2024,0.75,OTHER_MERCHANT_ROUTING,LAGOS_NGR,OneBank_App,0.15
19-Aug-2024,1000.0,OTHER_MERCHANT_ROUTING,LAGOS_NGR,OneBank_App,0.15
19-Aug-2024,10.0,OTHER_MERCHANT_ROUTING,LAGOS_NGR,Mobile_App,0.15
19-Aug-2024,16600.0,OTHER_MERCHANT_ROUTING,LAGOS_NGR,POS_Terminal,0.15
19-Aug-2024,1315.0,OTHER_MERCHANT_ROUTING,LAGOS_NGR,Mobile_App,0.15
16-Aug-2024,5605.0,VANGUARD_PHARMACY,LAGOS_NGR,Mobile_App,0.15
14-Aug-2024,5562.43,OTHER_MERCHANT_ROUTING,LAGOS_NGR,Mobile_App,0.15
13-Aug-2024,1.88,OTHER_MERCHANT_ROUTING,LAGOS_NGR,OneBank_App,0.15
13-Aug-2024,7800.0,OTHER_MERCHANT_ROUTING,LAGOS_NGR,OneBank_App,0.15
13-Aug-2024,25.0,OTHER_MERCHANT_ROUTING,LAGOS_NGR,Mobile_App,0.15
19-Aug-2024,5000.0,OTHER_MERCHANT_ROUTING,LAGOS_NGR,OneBank_App,0.15
20-Sep-2024,5500.0,OTHER_MERCHANT_ROUTING,LAGOS_NGR,Mobile_App,0.15
20-Sep-2024,25.0,OTHER_MERCHANT_ROUTING,LAGOS_NGR,OneBank_App,0.15
20-Sep-2024,10.0,OTHER_MERCHANT_ROUTING,LAGOS_NGR,OneBank_App,0.15
09-Sep-2024,1200.0,OTHER_MERCHANT_ROUTING,LAGOS_NGR,OneBank_App,0.15
06-Sep-2024,5749.0,OTHER_MERCHANT_ROUTING,LAGOS_NGR,POS_Terminal,0.15
06-Sep-2024,10.0,OTHER_MERCHANT_ROUTING,LAGOS_NGR,OneBank_App,0.15
06-Sep-2024,0.75,OTHER_MERCHANT_ROUTING,LAGOS_NGR,OneBank_App,0.15
06-Sep-2024,1000.0,OTHER_MERCHANT_ROUTING,LAGOS_NGR,OneBank_App,0.15
04-Sep-2024,10.0,OTHER_MERCHANT_ROUTING,LAGOS_NGR,OneBank_App,0.15
04-Sep-2024,0.75,OTHER_MERCHANT_ROUTING,LAGOS_NGR,OneBank_App,0.15
04-Sep-2024,5000.0,OTHER_MERCHANT_ROUTING,LAGOS_NGR,OneBank_App,0.15
26-Aug-2024,2307.5,OTHER_MERCHANT_ROUTING,LAGOS_NGR,OneBank_App,0.15
02-Sep-2024,0.75,OTHER_MERCHANT_ROUTING,LAGOS_NGR,OneBank_App,0.15
02-Sep-2024,24270.0,OTHER_MERCHANT_ROUTING,LAGOS_NGR,OneBank_App,0.15
02-Sep-2024,5000.0,OTHER_MERCHANT_ROUTING,LAGOS_NGR,OneBank_App,0.15
30-Aug-2024,0.75,OTHER_MERCHANT_ROUTING,LAGOS_NGR,OneBank_App,0.15
30-Aug-2024,5000.0,OTHER_MERCHANT_ROUTING,LAGOS_NGR,OneBank_App,0.15
30-Aug-2024,10.0,OTHER_MERCHANT_ROUTING,LAGOS_NGR,Mobile_App,0.15
29-Aug-2024,1.88,OTHER_MERCHANT_ROUTING,LAGOS_NGR,OneBank_App,0.15
29-Aug-2024,15200.0,OTHER_MERCHANT_ROUTING,LAGOS_NGR,OneBank_App,0.15
29-Aug-2024,25.0,OTHER_MERCHANT_ROUTING,LAGOS_NGR,Mobile_App,0.15
28-Aug-2024,9025.23,OTHER_MERCHANT_ROUTING,LAGOS_NGR,Mobile_App,0.15
27-Aug-2024,15000.0,OTHER_MERCHANT_ROUTING,LAGOS_NGR,Mobile_App,0.15
27-Aug-2024,3900.0,OTHER_MERCHANT_ROUTING,LAGOS_NGR,POS_Terminal,0.15
02-Sep-2024,1.88,OTHER_MERCHANT_ROUTING,LAGOS_NGR,OneBank_App,0.15
07-Aug-2024,1.88,OTHER_MERCHANT_ROUTING,LAGOS_NGR,OneBank_App,0.15
07-Aug-2024,10000.0,OTHER_MERCHANT_ROUTING,LAGOS_NGR,OneBank_App,0.15
07-Aug-2024,25.0,OTHER_MERCHANT_ROUTING,LAGOS_NGR,Mobile_App,0.15
06-Aug-2024,1.88,OTHER_MERCHANT_ROUTING,LAGOS_NGR,OneBank_App,0.15
06-Aug-2024,25000.0,OTHER_MERCHANT_ROUTING,LAGOS_NGR,OneBank_App,0.15
06-Aug-2024,25.0,OTHER_MERCHANT_ROUTING,LAGOS_NGR,Mobile_App,0.15
01-Aug-2024,1.88,OTHER_MERCHANT_ROUTING,LAGOS_NGR,OneBank_App,0.15
01-Aug-2024,7000.0,OTHER_MERCHANT_ROUTING,LAGOS_NGR,OneBank_App,0.15
01-Aug-2024,25.0,OTHER_MERCHANT_ROUTING,LAGOS_NGR,Mobile_App,0.15
01-Aug-2024,0.75,OTHER_MERCHANT_ROUTING,LAGOS_NGR,OneBank_App,0.15
01-Aug-2024,5000.0,OTHER_MERCHANT_ROUTING,LAGOS_NGR,OneBank_App,0.15
13-Aug-2024,1.88,OTHER_MERCHANT_ROUTING,LAGOS_NGR,OneBank_App,0.15
31-Jul-2024,13520.0,OTHER_MERCHANT_ROUTING,LAGOS_NGR,Mobile_App,0.15
31-Jul-2024,940.0,OTHER_MERCHANT_ROUTING,LAGOS_NGR,Mobile_App,0.15
30-Jul-2024,1200.0,OTHER_MERCHANT_ROUTING,LAGOS_NGR,OneBank_App,0.15
29-Jul-2024,3.75,OTHER_MERCHANT_ROUTING,LAGOS_NGR,OneBank_App,0.15
24-Feb-2023,2970.0,VANGUARD_PHARMACY,LAGOS_NGR,Mobile_App,0.15
29-Jul-2024,50.0,OTHER_MERCHANT_ROUTING,LAGOS_NGR,Mobile_App,0.15
29-Jul-2024,0.75,OTHER_MERCHANT_ROUTING,LAGOS_NGR,OneBank_App,0.15
29-Jul-2024,4000.0,OTHER_MERCHANT_ROUTING,LAGOS_NGR,OneBank_App,0.15
29-Jul-2024,10.0,OTHER_MERCHANT_ROUTING,LAGOS_NGR,Mobile_App,0.15
29-Jul-2024,3.75,OTHER_MERCHANT_ROUTING,LAGOS_NGR,OneBank_App,0.15
29-Jul-2024,72000.0,OTHER_MERCHANT_ROUTING,LAGOS_NGR,OneBank_App,0.15
01-Aug-2024,10.0,OTHER_MERCHANT_ROUTING,LAGOS_NGR,Mobile_App,0.15
13-Aug-2024,7800.0,OTHER_MERCHANT_ROUTING,LAGOS_NGR,OneBank_App,0.15
13-Aug-2024,25.0,OTHER_MERCHANT_ROUTING,LAGOS_NGR,Mobile_App,0.15
12-Aug-2024,3.75,OTHER_MERCHANT_ROUTING,LAGOS_NGR,OneBank_App,0.15
22-Feb-2023,2400.0,OTHER_MERCHANT_ROUTING,LAGOS_NGR,Mobile_App,0.15
12-Aug-2024,50.0,OTHER_MERCHANT_ROUTING,LAGOS_NGR,Mobile_App,0.15
22-Feb-2023,2400.0,OTHER_MERCHANT_ROUTING,LAGOS_NGR,Mobile_App,0.15
12-Aug-2024,1.88,OTHER_MERCHANT_ROUTING,LAGOS_NGR,OneBank_App,0.15
12-Aug-2024,15600.0,OTHER_MERCHANT_ROUTING,LAGOS_NGR,OneBank_App,0.15
12-Aug-2024,25.0,OTHER_MERCHANT_ROUTING,LAGOS_NGR,Mobile_App,0.15
12-Aug-2024,1.88,OTHER_MERCHANT_ROUTING,LAGOS_NGR,OneBank_App,0.15
12-Aug-2024,40000.0,OTHER_MERCHANT_ROUTING,LAGOS_NGR,OneBank_App,0.15
07-Aug-2024,10.0,OTHER_MERCHANT_ROUTING,LAGOS_NGR,Mobile_App,0.15
23-Feb-2023,5000.0,OTHER_MERCHANT_ROUTING,LAGOS_NGR,POS_Terminal,0.15
24-Feb-2023,9025.23,OTHER_MERCHANT_ROUTING,LAGOS_NGR,Mobile_App,0.15
12-Aug-2024,3500.0,OTHER_MERCHANT_ROUTING,LAGOS_NGR,Mobile_App,0.15
08-Aug-2024,5100.0,OTHER_MERCHANT_ROUTING,LAGOS_NGR,Mobile_App,0.15
08-Aug-2024,0.75,OTHER_MERCHANT_ROUTING,LAGOS_NGR,OneBank_App,0.15
08-Aug-2024,5000.0,OTHER_MERCHANT_ROUTING,LAGOS_NGR,OneBank_App,0.15
08-Aug-2024,10.0,OTHER_MERCHANT_ROUTING,LAGOS_NGR,Mobile_App,0.15
08-Aug-2024,1.88,OTHER_MERCHANT_ROUTING,LAGOS_NGR,OneBank_App,0.15
08-Aug-2024,7600.0,OTHER_MERCHANT_ROUTING,LAGOS_NGR,OneBank_App,0.15
08-Aug-2024,25.0,OTHER_MERCHANT_ROUTING,LAGOS_NGR,Mobile_App,0.15
07-Aug-2024,0.75,OTHER_MERCHANT_ROUTING,LAGOS_NGR,OneBank_App,0.15
07-Aug-2024,5000.0,OTHER_MERCHANT_ROUTING,LAGOS_NGR,OneBank_App,0.15
12-Aug-2024,25.0,OTHER_MERCHANT_ROUTING,LAGOS_NGR,Mobile_App,0.15
09-Dec-2024,50.0,OTHER_MERCHANT_ROUTING,LAGOS_NGR,Mobile_App,0.15
09-Dec-2024,50.0,OTHER_MERCHANT_ROUTING,LAGOS_NGR,Mobile_App,0.15
16-Jan-2023,15000.0,OTHER_MERCHANT_ROUTING,LAGOS_NGR,Mobile_App,0.15
09-Dec-2024,18000.0,OTHER_MERCHANT_ROUTING,LAGOS_NGR,OneBank_App,0.15
09-Dec-2024,10000.0,OTHER_MERCHANT_ROUTING,LAGOS_NGR,Mobile_App,0.15
16-Jan-2023,9500.0,OTHER_MERCHANT_ROUTING,LAGOS_NGR,POS_Terminal,0.15
16-Jan-2023,4000.0,OTHER_MERCHANT_ROUTING,LAGOS_NGR,POS_Terminal,0.15
03-Dec-2024,5100.0,OTHER_MERCHANT_ROUTING,LAGOS_NGR,POS_Terminal,0.15
03-Dec-2024,6254.0,OTHER_MERCHANT_ROUTING,LAGOS_NGR,POS_Terminal,0.15
26-Nov-2024,15000.0,OTHER_MERCHANT_ROUTING,LAGOS_NGR,Mobile_App,0.15
18-Jan-2023,1170.0,VANGUARD_PHARMACY,LAGOS_NGR,POS_Terminal,0.15
20-Sep-2024,5000.0,OTHER_MERCHANT_ROUTING,LAGOS_NGR,OneBank_App,0.15
26-Nov-2024,5000.0,OTHER_MERCHANT_ROUTING,LAGOS_NGR,OneBank_App,0.15
19-Jan-2023,2255.0,OTHER_MERCHANT_ROUTING,LAGOS_NGR,POS_Terminal,0.15
25-Nov-2024,5000.0,OTHER_MERCHANT_ROUTING,LAGOS_NGR,OneBank_App,0.15
25-Nov-2024,9025.23,OTHER_MERCHANT_ROUTING,LAGOS_NGR,Mobile_App,0.15
23-Nov-2024,50.0,OTHER_MERCHANT_ROUTING,LAGOS_NGR,Mobile_App,0.15
10-Nov-2024,2000.0,OTHER_MERCHANT_ROUTING,LAGOS_NGR,Mobile_App,0.15
09-Nov-2024,1200.0,OTHER_MERCHANT_ROUTING,LAGOS_NGR,Mobile_App,0.15
07-Nov-2024,4200.0,OTHER_MERCHANT_ROUTING,LAGOS_NGR,POS_Terminal,0.15
07-Nov-2024,2820.0,OTHER_MERCHANT_ROUTING,LAGOS_NGR,POS_Terminal,0.15
07-Nov-2024,19429.0,OTHER_MERCHANT_ROUTING,LAGOS_NGR,POS_Terminal,0.15
20-Jan-2023,435.0,OTHER_MERCHANT_ROUTING,LAGOS_NGR,POS_Terminal,0.15
19-Jan-2023,10000.0,OTHER_MERCHANT_ROUTING,LAGOS_NGR,Mobile_App,0.15
14-Jan-2025,5100.0,OTHER_MERCHANT_ROUTING,LAGOS_NGR,POS_Terminal,0.15
23-Dec-2022,1200.0,OTHER_MERCHANT_ROUTING,LAGOS_NGR,POS_Terminal,0.15
14-Jan-2025,6000.0,OTHER_MERCHANT_ROUTING,LAGOS_NGR,OneBank_App,0.15
12-Jan-2025,3000.0,OTHER_MERCHANT_ROUTING,LAGOS_NGR,OneBank_App,0.15
30-Dec-2022,2800.0,OTHER_MERCHANT_ROUTING,LAGOS_NGR,POS_Terminal,0.15
03-Jan-2023,7000.0,OTHER_MERCHANT_ROUTING,LAGOS_NGR,Mobile_App,0.15
10-Jan-2025,9000.0,OTHER_MERCHANT_ROUTING,LAGOS_NGR,OneBank_App,0.15
05-Jan-2025,5900.0,VANGUARD_PHARMACY,LAGOS_NGR,POS_Terminal,0.15
03-Jan-2025,1500.0,OTHER_MERCHANT_ROUTING,LAGOS_NGR,POS_Terminal,0.15
02-Jan-2025,25000.0,OTHER_MERCHANT_ROUTING,LAGOS_NGR,Mobile_App,0.15
04-Jan-2023,5000.0,OTHER_MERCHANT_ROUTING,LAGOS_NGR,OneBank_App,0.15
13-Dec-2024,21947.5,OTHER_MERCHANT_ROUTING,LAGOS_NGR,Mobile_App,0.15
24-Dec-2024,20390.0,VANGUARD_PHARMACY,LAGOS_NGR,POS_Terminal,0.15
23-Dec-2024,50.0,OTHER_MERCHANT_ROUTING,LAGOS_NGR,Mobile_App,0.15
23-Dec-2024,2000.0,OTHER_MERCHANT_ROUTING,LAGOS_NGR,Mobile_App,0.15
06-Jan-2023,10000.0,OTHER_MERCHANT_ROUTING,LAGOS_NGR,OneBank_App,0.15
23-Dec-2024,3000.0,OTHER_MERCHANT_ROUTING,LAGOS_NGR,OneBank_App,0.15
23-Dec-2024,15000.0,OTHER_MERCHANT_ROUTING,LAGOS_NGR,Mobile_App,0.15
20-Dec-2024,30000.0,OTHER_MERCHANT_ROUTING,LAGOS_NGR,Mobile_App,0.15
20-Dec-2024,9025.23,OTHER_MERCHANT_ROUTING,LAGOS_NGR,Mobile_App,0.15
13-Dec-2024,50.0,OTHER_MERCHANT_ROUTING,LAGOS_NGR,Mobile_App,0.15
16-Jan-2023,1650.0,VANGUARD_PHARMACY,LAGOS_NGR,POS_Terminal,0.15
16-Jan-2023,0.8,VANGUARD_PHARMACY,LAGOS_NGR,POS_Terminal,0.15
13-Dec-2024,20600.0,OTHER_MERCHANT_ROUTING,LAGOS_NGR,POS_Terminal,0.15
04-Jan-2023,10000.0,OTHER_MERCHANT_ROUTING,LAGOS_NGR,Mobile_App,0.15
10-Oct-2024,8000.0,OTHER_MERCHANT_ROUTING,LAGOS_NGR,OneBank_App,0.15
10-Oct-2024,19947.5,OTHER_MERCHANT_ROUTING,LAGOS_NGR,Mobile_App,0.15
08-Feb-2023,3180.0,VANGUARD_PHARMACY,LAGOS_NGR,Mobile_App,0.15
10-Feb-2023,23500.0,OTHER_MERCHANT_ROUTING,LAGOS_NGR,OneBank_App,0.15
09-Oct-2024,1500.0,OTHER_MERCHANT_ROUTING,LAGOS_NGR,OneBank_App,0.15
10-Feb-2023,0.01,OTHER_MERCHANT_ROUTING,LAGOS_NGR,OneBank_App,0.15
03-Oct-2024,3300.0,OTHER_MERCHANT_ROUTING,LAGOS_NGR,OneBank_App,0.15
10-Feb-2023,7012.14,OTHER_MERCHANT_ROUTING,LAGOS_NGR,POS_Terminal,0.15
03-Oct-2024,3000.0,OTHER_MERCHANT_ROUTING,LAGOS_NGR,OneBank_App,0.15
13-Feb-2023,3200.0,OTHER_MERCHANT_ROUTING,LAGOS_NGR,POS_Terminal,0.15
13-Feb-2023,3560.0,VANGUARD_PHARMACY,LAGOS_NGR,Mobile_App,0.15
23-Jan-2023,5180.0,VANGUARD_PHARMACY,LAGOS_NGR,POS_Terminal,0.15
16-Feb-2023,3168.75,OTHER_MERCHANT_ROUTING,LAGOS_NGR,Web_Portal,0.15
21-Feb-2023,1000.0,OTHER_MERCHANT_ROUTING,LAGOS_NGR,Mobile_App,0.15
02-Oct-2024,500.0,OTHER_MERCHANT_ROUTING,LAGOS_NGR,OneBank_App,0.15
21-Feb-2023,3824.04,OTHER_MERCHANT_ROUTING,LAGOS_NGR,Web_Portal,0.15
22-Feb-2023,10000.0,OTHER_MERCHANT_ROUTING,LAGOS_NGR,Mobile_App,0.15
01-Oct-2024,5000.0,OTHER_MERCHANT_ROUTING,LAGOS_NGR,OneBank_App,0.15
28-Sep-2024,3500.0,OTHER_MERCHANT_ROUTING,LAGOS_NGR,Mobile_App,0.15
26-Sep-2024,15000.0,OTHER_MERCHANT_ROUTING,LAGOS_NGR,Mobile_App,0.15
25-Sep-2024,9025.23,OTHER_MERCHANT_ROUTING,LAGOS_NGR,Mobile_App,0.15
20-Sep-2024,3000.0,OTHER_MERCHANT_ROUTING,LAGOS_NGR,Mobile_App,0.15
20-Sep-2024,10.0,OTHER_MERCHANT_ROUTING,LAGOS_NGR,OneBank_App,0.15
20-Sep-2024,0.75,OTHER_MERCHANT_ROUTING,LAGOS_NGR,OneBank_App,0.15
03-Oct-2024,5000.0,OTHER_MERCHANT_ROUTING,LAGOS_NGR,OneBank_App,0.15
07-Nov-2024,10575.0,OTHER_MERCHANT_ROUTING,LAGOS_NGR,OneBank_App,0.15
06-Nov-2024,15000.0,OTHER_MERCHANT_ROUTING,LAGOS_NGR,Mobile_App,0.15
01-Nov-2024,30000.0,OTHER_MERCHANT_ROUTING,LAGOS_NGR,Mobile_App,0.15
31-Oct-2024,2000.0,OTHER_MERCHANT_ROUTING,LAGOS_NGR,Mobile_App,0.15
24-Jan-2023,9025.23,OTHER_MERCHANT_ROUTING,LAGOS_NGR,Mobile_App,0.15
24-Jan-2023,85000.0,OTHER_MERCHANT_ROUTING,LAGOS_NGR,Mobile_App,0.15
28-Oct-2024,6000.0,OTHER_MERCHANT_ROUTING,LAGOS_NGR,OneBank_App,0.15
25-Jan-2023,24450.0,OTHER_MERCHANT_ROUTING,LAGOS_NGR,POS_Terminal,0.15
25-Jan-2023,650.0,VANGUARD_PHARMACY,LAGOS_NGR,POS_Terminal,0.15
25-Oct-2024,5000.0,OTHER_MERCHANT_ROUTING,LAGOS_NGR,OneBank_App,0.15
25-Oct-2024,9025.23,OTHER_MERCHANT_ROUTING,LAGOS_NGR,Mobile_App,0.15
06-Feb-2023,5030.86,OTHER_MERCHANT_ROUTING,LAGOS_NGR,POS_Terminal,0.15
22-Oct-2024,3953.13,OTHER_MERCHANT_ROUTING,LAGOS_NGR,POS_Terminal,0.15
21-Oct-2024,50.0,OTHER_MERCHANT_ROUTING,LAGOS_NGR,Mobile_App,0.15
21-Oct-2024,50.0,OTHER_MERCHANT_ROUTING,LAGOS_NGR,Mobile_App,0.15
25-Jan-2023,4000.0,OTHER_MERCHANT_ROUTING,LAGOS_NGR,Web_Portal,0.15
30-Jan-2023,5030.25,OTHER_MERCHANT_ROUTING,LAGOS_NGR,POS_Terminal,0.15
17-Oct-2024,4000.0,OTHER_MERCHANT_ROUTING,LAGOS_NGR,OneBank_App,0.15
15-Oct-2024,1500.0,OTHER_MERCHANT_ROUTING,LAGOS_NGR,Mobile_App,0.15
15-Oct-2024,4507.5,OTHER_MERCHANT_ROUTING,LAGOS_NGR,Mobile_App,0.15
15-Oct-2024,12276.2,OTHER_MERCHANT_ROUTING,LAGOS_NGR,POS_Terminal,0.15
15-Oct-2024,19947.5,OTHER_MERCHANT_ROUTING,LAGOS_NGR,Mobile_App,0.15
11-Oct-2024,11000.0,OTHER_MERCHANT_ROUTING,LAGOS_NGR,POS_Terminal,0.15
03-Feb-2023,11700.0,OTHER_MERCHANT_ROUTING,LAGOS_NGR,POS_Terminal,0.15
22-Oct-2024,4507.5,OTHER_MERCHANT_ROUTING,LAGOS_NGR,Mobile_App,0.15
14-Jun-2024,0.75,OTHER_MERCHANT_ROUTING,LAGOS_NGR,OneBank_App,0.15
14-Jun-2024,5000.0,OTHER_MERCHANT_ROUTING,LAGOS_NGR,OneBank_App,0.15
14-Jun-2024,10.0,OTHER_MERCHANT_ROUTING,LAGOS_NGR,Mobile_App,0.15
13-Jun-2024,3407.5,OTHER_MERCHANT_ROUTING,LAGOS_NGR,OneBank_App,0.15
11-Jun-2024,500.0,OTHER_MERCHANT_ROUTING,LAGOS_NGR,OneBank_App,0.15
17-Mar-2023,3400.0,OTHER_MERCHANT_ROUTING,LAGOS_NGR,OneBank_App,0.15
17-Mar-2023,0.75,OTHER_MERCHANT_ROUTING,LAGOS_NGR,OneBank_App,0.15
17-Mar-2023,1000.0,OTHER_MERCHANT_ROUTING,LAGOS_NGR,Mobile_App,0.15
30-May-2024,1.88,OTHER_MERCHANT_ROUTING,LAGOS_NGR,OneBank_App,0.15
30-May-2024,15600.0,OTHER_MERCHANT_ROUTING,LAGOS_NGR,OneBank_App,0.15
30-May-2024,25.0,OTHER_MERCHANT_ROUTING,LAGOS_NGR,Mobile_App,0.15
29-Jul-2024,50.0,OTHER_MERCHANT_ROUTING,LAGOS_NGR,Mobile_App,0.15
29-May-2024,5000.0,OTHER_MERCHANT_ROUTING,LAGOS_NGR,OneBank_App,0.15
29-May-2024,10.0,OTHER_MERCHANT_ROUTING,LAGOS_NGR,Mobile_App,0.15
29-May-2024,0.75,OTHER_MERCHANT_ROUTING,LAGOS_NGR,OneBank_App,0.15
29-May-2024,5000.0,OTHER_MERCHANT_ROUTING,LAGOS_NGR,OneBank_App,0.15
29-May-2024,10.0,OTHER_MERCHANT_ROUTING,LAGOS_NGR,Mobile_App,0.15
28-May-2024,1.88,OTHER_MERCHANT_ROUTING,LAGOS_NGR,OneBank_App,0.15
28-May-2024,15000.0,OTHER_MERCHANT_ROUTING,LAGOS_NGR,OneBank_App,0.15
28-May-2024,25.0,OTHER_MERCHANT_ROUTING,LAGOS_NGR,Mobile_App,0.15
20-Mar-2023,15000.0,OTHER_MERCHANT_ROUTING,LAGOS_NGR,Mobile_App,0.15
28-May-2024,15000.0,OTHER_MERCHANT_ROUTING,LAGOS_NGR,Mobile_App,0.15
28-May-2024,1.88,OTHER_MERCHANT_ROUTING,LAGOS_NGR,OneBank_App,0.15
29-May-2024,0.75,OTHER_MERCHANT_ROUTING,LAGOS_NGR,OneBank_App,0.15
25-Jun-2024,1.88,OTHER_MERCHANT_ROUTING,LAGOS_NGR,OneBank_App,0.15
25-Jun-2024,50000.0,OTHER_MERCHANT_ROUTING,LAGOS_NGR,OneBank_App,0.15
25-Jun-2024,25.0,OTHER_MERCHANT_ROUTING,LAGOS_NGR,Mobile_App,0.15
24-Jun-2024,3.75,OTHER_MERCHANT_ROUTING,LAGOS_NGR,OneBank_App,0.15
13-Mar-2023,1000.0,OTHER_MERCHANT_ROUTING,LAGOS_NGR,Mobile_App,0.15
24-Jun-2024,50.0,OTHER_MERCHANT_ROUTING,LAGOS_NGR,Mobile_App,0.15
13-Mar-2023,1200.0,VANGUARD_PHARMACY,LAGOS_NGR,POS_Terminal,0.15
24-Jun-2024,3.75,OTHER_MERCHANT_ROUTING,LAGOS_NGR,OneBank_App,0.15
24-Jun-2024,50.0,OTHER_MERCHANT_ROUTING,LAGOS_NGR,Mobile_App,0.15
13-Mar-2023,7000.0,OTHER_MERCHANT_ROUTING,LAGOS_NGR,Mobile_App,0.15
24-Jun-2024,0.75,OTHER_MERCHANT_ROUTING,LAGOS_NGR,OneBank_App,0.15
19-Jun-2024,25.0,OTHER_MERCHANT_ROUTING,LAGOS_NGR,Mobile_App,0.15
24-Jun-2024,10.0,OTHER_MERCHANT_ROUTING,LAGOS_NGR,Mobile_App,0.15
24-Jun-2024,1.88,OTHER_MERCHANT_ROUTING,LAGOS_NGR,OneBank_App,0.15
24-Jun-2024,18000.0,OTHER_MERCHANT_ROUTING,LAGOS_NGR,OneBank_App,0.15
24-Jun-2024,25.0,OTHER_MERCHANT_ROUTING,LAGOS_NGR,Mobile_App,0.15
24-Jun-2024,1.88,OTHER_MERCHANT_ROUTING,LAGOS_NGR,OneBank_App,0.15
24-Jun-2024,32000.0,OTHER_MERCHANT_ROUTING,LAGOS_NGR,OneBank_App,0.15
24-Jun-2024,25.0,OTHER_MERCHANT_ROUTING,LAGOS_NGR,Mobile_App,0.15
14-Mar-2023,3000.0,OTHER_MERCHANT_ROUTING,LAGOS_NGR,Mobile_App,0.15
16-Mar-2023,1000.0,OTHER_MERCHANT_ROUTING,LAGOS_NGR,Mobile_App,0.15
21-Jun-2024,9025.23,OTHER_MERCHANT_ROUTING,LAGOS_NGR,Mobile_App,0.15
19-Jun-2024,1.88,OTHER_MERCHANT_ROUTING,LAGOS_NGR,OneBank_App,0.15
19-Jun-2024,6500.0,OTHER_MERCHANT_ROUTING,LAGOS_NGR,OneBank_App,0.15
24-Jun-2024,5000.0,OTHER_MERCHANT_ROUTING,LAGOS_NGR,OneBank_App,0.15
27-May-2024,500.0,OTHER_MERCHANT_ROUTING,LAGOS_NGR,Mobile_App,0.15
21-Mar-2023,1000.0,OTHER_MERCHANT_ROUTING,LAGOS_NGR,Mobile_App,0.15
27-May-2024,9025.23,OTHER_MERCHANT_ROUTING,LAGOS_NGR,Mobile_App,0.15
27-May-2024,3.75,OTHER_MERCHANT_ROUTING,LAGOS_NGR,OneBank_App,0.15
22-Mar-2023,6000.0,OTHER_MERCHANT_ROUTING,LAGOS_NGR,Mobile_App,0.15
27-May-2024,50.0,OTHER_MERCHANT_ROUTING,LAGOS_NGR,Mobile_App,0.15
24-May-2024,36516.39,OTHER_MERCHANT_ROUTING,LAGOS_NGR,POS_Terminal,0.15
24-May-2024,5500.0,OTHER_MERCHANT_ROUTING,LAGOS_NGR,Mobile_App,0.15
21-May-2024,4600.0,OTHER_MERCHANT_ROUTING,LAGOS_NGR,Mobile_App,0.15
23-Mar-2023,5000.0,OTHER_MERCHANT_ROUTING,LAGOS_NGR,OneBank_App,0.15
17-May-2024,3465.0,OTHER_MERCHANT_ROUTING,LAGOS_NGR,Mobile_App,0.15
28-May-2024,10000.0,OTHER_MERCHANT_ROUTING,LAGOS_NGR,OneBank_App,0.15
17-May-2024,10000.0,OTHER_MERCHANT_ROUTING,LAGOS_NGR,Mobile_App,0.15
13-May-2024,1.88,OTHER_MERCHANT_ROUTING,LAGOS_NGR,OneBank_App,0.15
13-May-2024,10000.0,OTHER_MERCHANT_ROUTING,LAGOS_NGR,OneBank_App,0.15
13-May-2024,25.0,OTHER_MERCHANT_ROUTING,LAGOS_NGR,Mobile_App,0.15
10-May-2024,2000.0,OTHER_MERCHANT_ROUTING,LAGOS_NGR,Mobile_App,0.15
10-May-2024,6800.0,OTHER_MERCHANT_ROUTING,LAGOS_NGR,Mobile_App,0.15
23-Mar-2023,0.75,OTHER_MERCHANT_ROUTING,LAGOS_NGR,OneBank_App,0.15
23-Mar-2023,9025.23,OTHER_MERCHANT_ROUTING,LAGOS_NGR,Mobile_App,0.15
26-Apr-2024,15000.0,OTHER_MERCHANT_ROUTING,LAGOS_NGR,Mobile_App,0.15
26-Apr-2024,1580.0,OTHER_MERCHANT_ROUTING,LAGOS_NGR,Mobile_App,0.15
25-Apr-2024,5000.0,OTHER_MERCHANT_ROUTING,LAGOS_NGR,Web_Portal,0.15
25-Apr-2024,9025.23,OTHER_MERCHANT_ROUTING,LAGOS_NGR,Mobile_App,0.15
17-May-2024,5100.0,OTHER_MERCHANT_ROUTING,LAGOS_NGR,Mobile_App,0.15
28-May-2024,25.0,OTHER_MERCHANT_ROUTING,LAGOS_NGR,Mobile_App,0.15
28-May-2024,0.75,OTHER_MERCHANT_ROUTING,LAGOS_NGR,OneBank_App,0.15
28-May-2024,5000.0,OTHER_MERCHANT_ROUTING,LAGOS_NGR,OneBank_App,0.15
28-May-2024,10.0,OTHER_MERCHANT_ROUTING,LAGOS_NGR,Mobile_App,0.15
28-May-2024,3.75,OTHER_MERCHANT_ROUTING,LAGOS_NGR,OneBank_App,0.15
28-May-2024,50.0,OTHER_MERCHANT_ROUTING,LAGOS_NGR,Mobile_App,0.15
27-May-2024,3.75,OTHER_MERCHANT_ROUTING,LAGOS_NGR,OneBank_App,0.15
20-Mar-2023,9200.0,OTHER_MERCHANT_ROUTING,LAGOS_NGR,Mobile_App,0.15
27-May-2024,50.0,OTHER_MERCHANT_ROUTING,LAGOS_NGR,Mobile_App,0.15
20-Mar-2023,3020.0,VANGUARD_PHARMACY,LAGOS_NGR,Mobile_App,0.15
21-Mar-2023,3000.0,OTHER_MERCHANT_ROUTING,LAGOS_NGR,POS_Terminal,0.15
27-May-2024,2100.0,OTHER_MERCHANT_ROUTING,LAGOS_NGR,Mobile_App,0.15
27-May-2024,1.88,OTHER_MERCHANT_ROUTING,LAGOS_NGR,OneBank_App,0.15
27-May-2024,25000.0,OTHER_MERCHANT_ROUTING,LAGOS_NGR,OneBank_App,0.15
27-May-2024,25.0,OTHER_MERCHANT_ROUTING,LAGOS_NGR,Mobile_App,0.15
27-May-2024,1.88,OTHER_MERCHANT_ROUTING,LAGOS_NGR,OneBank_App,0.15
27-May-2024,8000.0,OTHER_MERCHANT_ROUTING,LAGOS_NGR,OneBank_App,0.15
27-May-2024,25.0,OTHER_MERCHANT_ROUTING,LAGOS_NGR,Mobile_App,0.15
27-May-2024,15000.0,OTHER_MERCHANT_ROUTING,LAGOS_NGR,OneBank_App,0.15
27-May-2024,0.75,OTHER_MERCHANT_ROUTING,LAGOS_NGR,OneBank_App,0.15
27-May-2024,4500.0,OTHER_MERCHANT_ROUTING,LAGOS_NGR,OneBank_App,0.15
27-May-2024,10.0,OTHER_MERCHANT_ROUTING,LAGOS_NGR,Mobile_App,0.15
27-May-2024,5000.0,OTHER_MERCHANT_ROUTING,LAGOS_NGR,Web_Portal,0.15
27-May-2024,500.0,OTHER_MERCHANT_ROUTING,LAGOS_NGR,Mobile_App,0.15
21-Mar-2023,3000.0,OTHER_MERCHANT_ROUTING,LAGOS_NGR,POS_Terminal,0.15
24-Jul-2024,31450.0,OTHER_MERCHANT_ROUTING,LAGOS_NGR,Mobile_App,0.15
24-Jul-2024,12780.0,VANGUARD_PHARMACY,LAGOS_NGR,Mobile_App,0.15
24-Jul-2024,1.88,OTHER_MERCHANT_ROUTING,LAGOS_NGR,OneBank_App,0.15
24-Jul-2024,15000.0,OTHER_MERCHANT_ROUTING,LAGOS_NGR,OneBank_App,0.15
24-Jul-2024,25.0,OTHER_MERCHANT_ROUTING,LAGOS_NGR,Mobile_App,0.15
28-Feb-2023,3884.68,OTHER_MERCHANT_ROUTING,LAGOS_NGR,POS_Terminal,0.15
24-Jul-2024,16250.0,OTHER_MERCHANT_ROUTING,LAGOS_NGR,Mobile_App,0.15
02-Mar-2023,2250.0,VANGUARD_PHARMACY,LAGOS_NGR,Mobile_App,0.15
06-Mar-2023,7000.0,OTHER_MERCHANT_ROUTING,LAGOS_NGR,Mobile_App,0.15
06-Mar-2023,5000.0,OTHER_MERCHANT_ROUTING,LAGOS_NGR,Mobile_App,0.15
23-Jul-2024,3900.0,OTHER_MERCHANT_ROUTING,LAGOS_NGR,POS_Terminal,0.15
25-Jun-2024,500.0,OTHER_MERCHANT_ROUTING,LAGOS_NGR,Mobile_App,0.15
23-Jul-2024,24600.0,OTHER_MERCHANT_ROUTING,LAGOS_NGR,OneBank_App,0.15
23-Jul-2024,25.0,OTHER_MERCHANT_ROUTING,LAGOS_NGR,Mobile_App,0.15
23-Jul-2024,15000.0,OTHER_MERCHANT_ROUTING,LAGOS_NGR,Mobile_App,0.15
22-Jul-2024,1.88,OTHER_MERCHANT_ROUTING,LAGOS_NGR,OneBank_App,0.15
22-Jul-2024,18600.0,OTHER_MERCHANT_ROUTING,LAGOS_NGR,OneBank_App,0.15
22-Jul-2024,25.0,OTHER_MERCHANT_ROUTING,LAGOS_NGR,Mobile_App,0.15
22-Jul-2024,8000.0,OTHER_MERCHANT_ROUTING,LAGOS_NGR,Mobile_App,0.15
19-Jul-2024,0.75,OTHER_MERCHANT_ROUTING,LAGOS_NGR,OneBank_App,0.15
19-Jul-2024,5000.0,OTHER_MERCHANT_ROUTING,LAGOS_NGR,OneBank_App,0.15
19-Jul-2024,10.0,OTHER_MERCHANT_ROUTING,LAGOS_NGR,Mobile_App,0.15
07-Mar-2023,3335.0,VANGUARD_PHARMACY,LAGOS_NGR,Mobile_App,0.15
23-Jul-2024,1.88,OTHER_MERCHANT_ROUTING,LAGOS_NGR,OneBank_App,0.15
29-Jul-2024,0.75,OTHER_MERCHANT_ROUTING,LAGOS_NGR,OneBank_App,0.15
29-Jul-2024,3850.0,OTHER_MERCHANT_ROUTING,LAGOS_NGR,OneBank_App,0.15
29-Jul-2024,10.0,OTHER_MERCHANT_ROUTING,LAGOS_NGR,Mobile_App,0.15
26-Jul-2024,1.88,OTHER_MERCHANT_ROUTING,LAGOS_NGR,OneBank_App,0.15
26-Jul-2024,32000.0,OTHER_MERCHANT_ROUTING,LAGOS_NGR,OneBank_App,0.15
26-Jul-2024,25.0,OTHER_MERCHANT_ROUTING,LAGOS_NGR,Mobile_App,0.15
26-Jul-2024,1.88,OTHER_MERCHANT_ROUTING,LAGOS_NGR,OneBank_App,0.15
26-Jul-2024,7700.0,OTHER_MERCHANT_ROUTING,LAGOS_NGR,OneBank_App,0.15
26-Jul-2024,25.0,OTHER_MERCHANT_ROUTING,LAGOS_NGR,Mobile_App,0.15
24-Feb-2023,1380.0,VANGUARD_PHARMACY,LAGOS_NGR,Mobile_App,0.15
26-Jul-2024,15000.0,OTHER_MERCHANT_ROUTING,LAGOS_NGR,Mobile_App,0.15
25-Jul-2024,31200.0,OTHER_MERCHANT_ROUTING,LAGOS_NGR,Mobile_App,0.15
26-Jul-2024,90000.0,OTHER_MERCHANT_ROUTING,LAGOS_NGR,OneBank_App,0.15
26-Jul-2024,50.0,OTHER_MERCHANT_ROUTING,LAGOS_NGR,Mobile_App,0.15
25-Jul-2024,1.88,OTHER_MERCHANT_ROUTING,LAGOS_NGR,OneBank_App,0.15
25-Jul-2024,46200.0,OTHER_MERCHANT_ROUTING,LAGOS_NGR,OneBank_App,0.15
25-Jul-2024,25.0,OTHER_MERCHANT_ROUTING,LAGOS_NGR,Mobile_App,0.15
28-Feb-2023,10000.0,OTHER_MERCHANT_ROUTING,LAGOS_NGR,Mobile_App,0.15
25-Jul-2024,25.0,OTHER_MERCHANT_ROUTING,LAGOS_NGR,Mobile_App,0.15
25-Jul-2024,1500.0,OTHER_MERCHANT_ROUTING,LAGOS_NGR,Mobile_App,0.15
25-Jul-2024,9025.23,OTHER_MERCHANT_ROUTING,LAGOS_NGR,Mobile_App,0.15
25-Jul-2024,3.75,OTHER_MERCHANT_ROUTING,LAGOS_NGR,OneBank_App,0.15
28-Feb-2023,2100.0,VANGUARD_PHARMACY,LAGOS_NGR,Mobile_App,0.15
25-Jul-2024,50.0,OTHER_MERCHANT_ROUTING,LAGOS_NGR,Mobile_App,0.15
26-Jul-2024,3.75,OTHER_MERCHANT_ROUTING,LAGOS_NGR,OneBank_App,0.15
09-Jul-2024,10.0,OTHER_MERCHANT_ROUTING,LAGOS_NGR,Mobile_App,0.15
07-Mar-2023,620.0,VANGUARD_PHARMACY,LAGOS_NGR,Mobile_App,0.15
08-Jul-2024,11740.0,OTHER_MERCHANT_ROUTING,LAGOS_NGR,POS_Terminal,0.15
08-Jul-2024,4950.0,OTHER_MERCHANT_ROUTING,LAGOS_NGR,Mobile_App,0.15
04-Jul-2024,1.88,OTHER_MERCHANT_ROUTING,LAGOS_NGR,OneBank_App,0.15
04-Jul-2024,20000.0,OTHER_MERCHANT_ROUTING,LAGOS_NGR,OneBank_App,0.15
04-Jul-2024,25.0,OTHER_MERCHANT_ROUTING,LAGOS_NGR,Mobile_App,0.15
04-Jul-2024,15600.0,OTHER_MERCHANT_ROUTING,LAGOS_NGR,Mobile_App,0.15
03-Jul-2024,1.88,OTHER_MERCHANT_ROUTING,LAGOS_NGR,OneBank_App,0.15
03-Jul-2024,20000.0,OTHER_MERCHANT_ROUTING,LAGOS_NGR,OneBank_App,0.15
03-Jul-2024,25.0,OTHER_MERCHANT_ROUTING,LAGOS_NGR,Mobile_App,0.15
16-Jul-2024,19947.5,OTHER_MERCHANT_ROUTING,LAGOS_NGR,Mobile_App,0.15
02-Jul-2024,62400.0,OTHER_MERCHANT_ROUTING,LAGOS_NGR,Mobile_App,0.15
01-Jul-2024,7060.0,OTHER_MERCHANT_ROUTING,LAGOS_NGR,Mobile_App,0.15
01-Jul-2024,5750.0,OTHER_MERCHANT_ROUTING,LAGOS_NGR,Mobile_App,0.15
28-Jun-2024,16000.0,OTHER_MERCHANT_ROUTING,LAGOS_NGR,POS_Terminal,0.15
27-Jun-2024,7.5,OTHER_MERCHANT_ROUTING,LAGOS_NGR,Mobile_App,0.15
08-Mar-2023,2650.0,OTHER_MERCHANT_ROUTING,LAGOS_NGR,Mobile_App,0.15
26-Jun-2024,3.75,OTHER_MERCHANT_ROUTING,LAGOS_NGR,OneBank_App,0.15
09-Mar-2023,5000.0,OTHER_MERCHANT_ROUTING,LAGOS_NGR,Mobile_App,0.15
26-Jun-2024,50.0,OTHER_MERCHANT_ROUTING,LAGOS_NGR,Mobile_App,0.15
25-Jun-2024,1343.0,OTHER_MERCHANT_ROUTING,LAGOS_NGR,Mobile_App,0.15
09-Mar-2023,3000.0,OTHER_MERCHANT_ROUTING,LAGOS_NGR,POS_Terminal,0.15
25-Jun-2024,5400.0,OTHER_MERCHANT_ROUTING,LAGOS_NGR,POS_Terminal,0.15
03-Jul-2024,10200.0,OTHER_MERCHANT_ROUTING,LAGOS_NGR,Mobile_App,0.15
15-Jul-2024,2900.0,OTHER_MERCHANT_ROUTING,LAGOS_NGR,POS_Terminal,0.15
15-Jul-2024,2000.0,OTHER_MERCHANT_ROUTING,LAGOS_NGR,Mobile_App,0.15
12-Jul-2024,1.88,OTHER_MERCHANT_ROUTING,LAGOS_NGR,OneBank_App,0.15
12-Jul-2024,15000.0,OTHER_MERCHANT_ROUTING,LAGOS_NGR,OneBank_App,0.15
12-Jul-2024,25.0,OTHER_MERCHANT_ROUTING,LAGOS_NGR,Mobile_App,0.15
12-Jul-2024,13250.0,OTHER_MERCHANT_ROUTING,LAGOS_NGR,Mobile_App,0.15
12-Jul-2024,1.88,OTHER_MERCHANT_ROUTING,LAGOS_NGR,OneBank_App,0.15
12-Jul-2024,10000.0,OTHER_MERCHANT_ROUTING,LAGOS_NGR,OneBank_App,0.15
12-Jul-2024,25.0,OTHER_MERCHANT_ROUTING,LAGOS_NGR,Mobile_App,0.15
11-Jul-2024,1.88,OTHER_MERCHANT_ROUTING,LAGOS_NGR,OneBank_App,0.15
11-Jul-2024,10000.0,OTHER_MERCHANT_ROUTING,LAGOS_NGR,OneBank_App,0.15
09-Jul-2024,5000.0,OTHER_MERCHANT_ROUTING,LAGOS_NGR,OneBank_App,0.15
11-Jul-2024,1.88,OTHER_MERCHANT_ROUTING,LAGOS_NGR,OneBank_App,0.15
11-Jul-2024,8500.0,OTHER_MERCHANT_ROUTING,LAGOS_NGR,OneBank_App,0.15
11-Jul-2024,25.0,OTHER_MERCHANT_ROUTING,LAGOS_NGR,Mobile_App,0.15
11-Jul-2024,6415.0,OTHER_MERCHANT_ROUTING,LAGOS_NGR,POS_Terminal,0.15
11-Jul-2024,1.88,OTHER_MERCHANT_ROUTING,LAGOS_NGR,OneBank_App,0.15
11-Jul-2024,17500.0,OTHER_MERCHANT_ROUTING,LAGOS_NGR,OneBank_App,0.15
11-Jul-2024,25.0,OTHER_MERCHANT_ROUTING,LAGOS_NGR,Mobile_App,0.15
09-Jul-2024,1.88,OTHER_MERCHANT_ROUTING,LAGOS_NGR,OneBank_App,0.15
09-Jul-2024,16875.0,OTHER_MERCHANT_ROUTING,LAGOS_NGR,OneBank_App,0.15
09-Jul-2024,25.0,OTHER_MERCHANT_ROUTING,LAGOS_NGR,Mobile_App,0.15
09-Jul-2024,20350.0,OTHER_MERCHANT_ROUTING,LAGOS_NGR,Mobile_App,0.15
09-Jul-2024,0.75,OTHER_MERCHANT_ROUTING,LAGOS_NGR,OneBank_App,0.15
11-Jul-2024,25.0,OTHER_MERCHANT_ROUTING,LAGOS_NGR,Mobile_App,0.15
